<metadata xml:lang="en"><eainfo><detailed><enttyp><enttypl>big_belly_xy_locations</enttypl></enttyp><attr><attrlabl>FID</attrlabl><attrdef>Internal feature number.</attrdef><attrdefs>Esri</attrdefs><attrdomv><udom>Sequential unique whole numbers that are automatically generated.</udom></attrdomv></attr><attr><attrlabl>Station</attrlabl></attr><attr><attrlabl>SN</attrlabl></attr><attr><attrlabl>Customer</attrlabl></attr><attr><attrlabl>StreamType</attrlabl></attr><attr><attrlabl>Status</attrlabl></attr><attr><attrlabl>Desc_</attrlabl></attr><attr><attrlabl>Shape</attrlabl><attrdef>Feature geometry.</attrdef><attrdefs>Esri</attrdefs><attrdomv><udom>Coordinates defining the features.</udom></attrdomv></attr><attr><attrlabl>Lat</attrlabl></attr><attr><attrlabl>Long</attrlabl></attr></detailed></eainfo><dataIdInfo><envirDesc>Microsoft Windows 7 Version 6.1 (Build 7600) ; Esri ArcGIS 10.2.0.3348</envirDesc><dataLang><languageCode value="eng"/><countryCode value="USA"/></dataLang><idCitation><resTitle>BigBelly Locations</resTitle><presForm><PresFormCd value="005"/></presForm></idCitation><spatRpType><SpatRepTypCd value="001"/></spatRpType><dataExt><geoEle><GeoBndBox esriExtentType="search"><exTypeCode>1</exTypeCode><westBL>-75.270190</westBL><eastBL>-75.033489</eastBL><northBL>40.074398</northBL><southBL>39.913287</southBL></GeoBndBox></geoEle></dataExt><idPurp>Locations of BigBelly waste receptacles in Philadelphia</idPurp></dataIdInfo><mdLang><languageCode value="eng"/><countryCode value="USA"/></mdLang><distInfo><distFormat><formatName>Personal GeoDatabase Feature Class</formatName></distFormat><distTranOps><transSize>0.000</transSize></distTranOps></distInfo><mdHrLv><ScopeCd value="005"/></mdHrLv><mdHrLvName>dataset</mdHrLvName><refSysInfo><RefSystem><refSysID><identCode code="4326"/><idCodeSpace>EPSG</idCodeSpace><idVersion>8.1.1</idVersion></refSysID></RefSystem></refSysInfo><spatRepInfo><VectSpatRep><geometObjs><geoObjTyp><GeoObjTypCd value="004"/></geoObjTyp><geoObjCnt>0</geoObjCnt></geometObjs><topLvl><TopoLevCd value="001"/></topLvl></VectSpatRep></spatRepInfo><mdDateSt>20140618</mdDateSt><spdoinfo><ptvctinf/></spdoinfo></metadata>
