geoid,name,B19001001 - Total:,"B19001001 - Total:, Error","B19001002 - Less than $10,000","B19001002 - Less than $10,000, Error","B19001003 - $10,000 to $14,999","B19001003 - $10,000 to $14,999, Error","B19001004 - $15,000 to $19,999","B19001004 - $15,000 to $19,999, Error","B19001005 - $20,000 to $24,999","B19001005 - $20,000 to $24,999, Error","B19001006 - $25,000 to $29,999","B19001006 - $25,000 to $29,999, Error","B19001007 - $30,000 to $34,999","B19001007 - $30,000 to $34,999, Error","B19001008 - $35,000 to $39,999","B19001008 - $35,000 to $39,999, Error","B19001009 - $40,000 to $44,999","B19001009 - $40,000 to $44,999, Error","B19001010 - $45,000 to $49,999","B19001010 - $45,000 to $49,999, Error","B19001011 - $50,000 to $59,999","B19001011 - $50,000 to $59,999, Error","B19001012 - $60,000 to $74,999","B19001012 - $60,000 to $74,999, Error",,,,,,,,,,,,,,,,,,,,,,,,,,,"B19001013 - $75,000 to $99,999","B19001013 - $75,000 to $99,999, Error","B19001014 - $100,000 to $124,999","B19001014 - $100,000 to $124,999, Error","B19001015 - $125,000 to $149,999","B19001015 - $125,000 to $149,999, Error","B19001016 - $150,000 to $199,999","B19001016 - $150,000 to $199,999, Error","B19001017 - $200,000 or more","B19001017 - $200,000 or more, Error"
14000US42101000100,"Census Tract 1, Philadelphia, PA",2143,221,224,112,60,61,13,22,24,25,0,10,84,38,52,43,47,41,93,78,146,74,319,120,,,,,,,,,,,,,,,,,,,,,,,,,,,392,160,188,101,130,81,212,89,159,111
14000US42101000200,"Census Tract 2, Philadelphia, PA",943,126,107,54,23,21,9,15,49,51,42,30,106,77,63,65,0,10,74,59,73,59,28,28,,,,,,,,,,,,,,,,,,,,,,,,,,,89,48,122,81,56,45,72,41,30,18
14000US42101000300,"Census Tract 3, Philadelphia, PA",1854,114,228,92,113,60,54,44,60,43,54,38,49,35,106,85,91,61,33,27,67,50,133,74,,,,,,,,,,,,,,,,,,,,,,,,,,,206,81,154,54,141,80,107,78,258,94
14000US42101000401,"Census Tract 4.01, Philadelphia, PA",1632,143,396,143,120,100,55,42,118,81,127,74,73,64,13,15,27,33,31,35,80,53,166,114,,,,,,,,,,,,,,,,,,,,,,,,,,,83,48,57,54,113,76,65,61,108,73
14000US42101000402,"Census Tract 4.02, Philadelphia, PA",2307,156,341,158,105,66,240,113,115,91,82,63,138,93,44,33,96,69,80,48,136,112,162,119,,,,,,,,,,,,,,,,,,,,,,,,,,,217,97,182,87,111,69,134,74,124,72
14000US42101000500,"Census Tract 5, Philadelphia, PA",711,67,102,43,23,21,70,49,35,30,74,49,4,7,34,24,0,10,66,55,91,40,57,43,,,,,,,,,,,,,,,,,,,,,,,,,,,82,48,39,23,14,22,9,12,11,20
14000US42101000600,"Census Tract 6, Philadelphia, PA",639,82,135,57,14,17,12,15,0,10,3,7,38,46,0,10,11,17,16,20,82,47,100,69,,,,,,,,,,,,,,,,,,,,,,,,,,,89,57,54,38,28,21,6,9,51,35
14000US42101000700,"Census Tract 7, Philadelphia, PA",2010,179,494,170,123,73,43,42,99,55,181,109,28,31,65,71,40,38,122,83,98,84,104,69,,,,,,,,,,,,,,,,,,,,,,,,,,,272,140,170,110,44,40,57,39,70,37
14000US42101000801,"Census Tract 8.01, Philadelphia, PA",1014,79,75,59,0,10,26,30,8,13,63,71,107,104,41,41,41,48,16,25,20,26,74,65,,,,,,,,,,,,,,,,,,,,,,,,,,,121,83,67,51,54,47,197,158,104,36
14000US42101000803,"Census Tract 8.03, Philadelphia, PA",2602,181,106,69,148,122,89,93,97,83,254,154,54,52,49,37,99,94,159,131,113,71,128,96,,,,,,,,,,,,,,,,,,,,,,,,,,,294,156,244,153,97,83,268,135,403,165
14000US42101000804,"Census Tract 8.04, Philadelphia, PA",2244,249,264,132,43,56,66,51,51,43,53,81,40,38,130,104,44,60,73,67,137,79,210,104,,,,,,,,,,,,,,,,,,,,,,,,,,,195,98,247,136,133,83,137,77,421,248
14000US42101000901,"Census Tract 9.01, Philadelphia, PA",1305,126,285,125,91,69,73,64,81,69,115,100,24,28,77,55,69,55,82,74,63,61,41,37,,,,,,,,,,,,,,,,,,,,,,,,,,,80,57,109,80,25,33,81,79,9,14
14000US42101000902,"Census Tract 9.02, Philadelphia, PA",1373,170,261,105,266,103,87,68,14,23,25,30,25,24,72,84,37,35,16,27,169,102,41,33,,,,,,,,,,,,,,,,,,,,,,,,,,,81,58,35,33,40,47,33,37,171,86
14000US42101001001,"Census Tract 10.01, Philadelphia, PA",1433,142,85,56,6,11,27,27,26,30,21,24,11,19,28,30,84,64,82,59,106,58,107,62,,,,,,,,,,,,,,,,,,,,,,,,,,,169,115,92,69,96,75,111,50,382,106
14000US42101001002,"Census Tract 10.02, Philadelphia, PA",1837,151,42,41,47,40,41,31,71,62,9,14,48,39,58,51,86,90,19,23,110,71,214,112,,,,,,,,,,,,,,,,,,,,,,,,,,,204,92,195,79,45,41,196,79,452,113
14000US42101001101,"Census Tract 11.01, Philadelphia, PA",1904,149,299,113,132,67,129,96,102,78,0,10,62,51,32,42,56,48,59,47,96,51,199,113,,,,,,,,,,,,,,,,,,,,,,,,,,,245,109,109,68,221,99,78,57,85,46
14000US42101001102,"Census Tract 11.02, Philadelphia, PA",1512,136,162,95,12,19,80,53,39,35,14,22,52,40,104,68,81,83,23,26,186,102,119,67,,,,,,,,,,,,,,,,,,,,,,,,,,,176,106,91,53,118,59,64,50,191,103
14000US42101001201,"Census Tract 12.01, Philadelphia, PA",1937,160,115,88,13,21,0,10,8,12,8,14,64,46,34,32,57,68,56,73,88,61,195,120,,,,,,,,,,,,,,,,,,,,,,,,,,,221,95,337,132,152,120,173,88,416,122
14000US42101001202,"Census Tract 12.02, Philadelphia, PA",2839,216,245,113,35,42,128,96,77,112,63,65,154,98,124,73,79,55,256,161,153,82,363,143,,,,,,,,,,,,,,,,,,,,,,,,,,,241,96,168,105,140,97,242,101,371,127
14000US42101001300,"Census Tract 13, Philadelphia, PA",2428,161,275,113,75,66,117,75,171,103,126,97,60,67,48,45,98,83,13,20,215,86,192,88,,,,,,,,,,,,,,,,,,,,,,,,,,,345,148,113,59,179,108,175,85,226,89
14000US42101001400,"Census Tract 14, Philadelphia, PA",2088,166,158,107,117,69,81,70,164,89,155,125,89,74,85,57,77,87,16,26,175,89,65,38,,,,,,,,,,,,,,,,,,,,,,,,,,,213,90,198,110,160,116,41,34,294,119
14000US42101001500,"Census Tract 15, Philadelphia, PA",1300,120,78,58,55,46,40,51,45,45,18,24,56,50,48,52,39,29,58,50,108,60,117,56,,,,,,,,,,,,,,,,,,,,,,,,,,,164,83,119,80,165,74,91,58,99,48
14000US42101001600,"Census Tract 16, Philadelphia, PA",1100,106,99,69,16,18,0,10,44,40,31,39,41,28,29,28,85,76,39,47,83,46,170,75,,,,,,,,,,,,,,,,,,,,,,,,,,,142,50,52,38,66,42,132,57,71,42
14000US42101001700,"Census Tract 17, Philadelphia, PA",1415,99,34,31,0,10,15,18,27,30,42,33,13,21,90,94,53,67,94,75,141,94,141,64,,,,,,,,,,,,,,,,,,,,,,,,,,,146,66,168,67,89,44,165,72,197,64
14000US42101001800,"Census Tract 18, Philadelphia, PA",1325,108,65,40,41,32,84,52,35,30,28,27,72,61,11,16,50,53,70,56,117,77,126,52,,,,,,,,,,,,,,,,,,,,,,,,,,,96,49,128,61,55,40,171,82,176,67
14000US42101001900,"Census Tract 19, Philadelphia, PA",1255,97,180,81,46,29,6,9,98,70,27,27,45,42,27,32,55,51,34,36,127,80,141,68,,,,,,,,,,,,,,,,,,,,,,,,,,,192,91,65,40,31,33,71,47,110,49
14000US42101002000,"Census Tract 20, Philadelphia, PA",765,110,156,74,165,75,59,47,29,24,72,71,73,47,39,36,11,18,5,8,29,27,30,28,,,,,,,,,,,,,,,,,,,,,,,,,,,41,33,32,30,14,25,10,18,0,10
14000US42101002100,"Census Tract 21, Philadelphia, PA",910,75,131,61,113,56,28,25,64,42,89,59,115,80,49,48,28,20,50,34,81,56,72,36,,,,,,,,,,,,,,,,,,,,,,,,,,,36,27,25,26,15,21,14,20,0,10
14000US42101002200,"Census Tract 22, Philadelphia, PA",1003,124,270,123,66,54,89,74,43,34,10,16,77,45,29,32,9,14,62,66,69,41,100,56,,,,,,,,,,,,,,,,,,,,,,,,,,,23,26,79,49,16,19,13,19,48,41
14000US42101002300,"Census Tract 23, Philadelphia, PA",1203,90,97,63,84,54,122,78,154,85,123,80,31,28,58,33,50,44,40,30,56,35,82,65,,,,,,,,,,,,,,,,,,,,,,,,,,,150,80,80,55,28,23,14,15,34,36
14000US42101002400,"Census Tract 24, Philadelphia, PA",1876,180,156,84,69,42,140,79,157,110,112,77,125,82,113,79,74,64,45,37,82,50,139,78,,,,,,,,,,,,,,,,,,,,,,,,,,,357,116,102,74,78,55,71,43,56,43
14000US42101002500,"Census Tract 25, Philadelphia, PA",1631,105,170,72,180,89,116,65,135,68,191,101,46,34,41,40,79,73,59,46,69,52,100,56,,,,,,,,,,,,,,,,,,,,,,,,,,,99,46,112,62,52,31,91,51,91,44
14000US42101002701,"Census Tract 27.01, Philadelphia, PA",1553,112,123,79,65,59,167,98,114,64,210,112,140,94,150,108,51,48,6,10,166,75,127,75,,,,,,,,,,,,,,,,,,,,,,,,,,,93,61,96,74,33,35,12,21,0,10
14000US42101002702,"Census Tract 27.02, Philadelphia, PA",1502,129,124,72,80,80,63,64,57,40,94,67,74,79,35,37,53,44,49,68,207,90,175,77,,,,,,,,,,,,,,,,,,,,,,,,,,,154,92,116,69,21,27,176,108,24,27
14000US42101002801,"Census Tract 28.01, Philadelphia, PA",1530,129,183,98,140,93,181,81,85,68,144,82,122,88,45,51,88,73,63,71,71,80,157,87,,,,,,,,,,,,,,,,,,,,,,,,,,,99,65,84,64,15,28,24,30,29,37
14000US42101002802,"Census Tract 28.02, Philadelphia, PA",1995,160,174,76,227,102,102,51,100,74,152,91,98,61,0,10,187,103,59,52,109,63,335,119,,,,,,,,,,,,,,,,,,,,,,,,,,,209,101,91,71,48,42,50,47,54,47
14000US42101002900,"Census Tract 29, Philadelphia, PA",1924,121,185,92,166,79,139,77,130,65,61,43,88,59,120,95,85,69,97,69,69,39,207,98,,,,,,,,,,,,,,,,,,,,,,,,,,,152,62,209,83,83,60,123,95,10,16
14000US42101003001,"Census Tract 30.01, Philadelphia, PA",1539,130,180,107,92,65,74,59,175,81,76,52,209,108,149,113,50,46,86,53,100,64,123,76,,,,,,,,,,,,,,,,,,,,,,,,,,,158,73,30,28,19,22,18,21,0,10
14000US42101003002,"Census Tract 30.02, Philadelphia, PA",1234,145,197,94,258,122,85,65,146,89,150,90,4,9,21,23,39,55,29,34,121,68,53,44,,,,,,,,,,,,,,,,,,,,,,,,,,,53,40,57,59,0,10,4,19,17,28
14000US42101003100,"Census Tract 31, Philadelphia, PA",1681,180,345,148,296,143,100,72,41,47,233,94,105,71,72,69,32,48,111,70,103,66,120,97,,,,,,,,,,,,,,,,,,,,,,,,,,,63,49,60,48,0,10,0,10,0,10
14000US42101003200,"Census Tract 32, Philadelphia, PA",1797,168,320,159,201,98,293,154,77,73,89,58,145,85,157,102,57,51,69,62,75,59,135,79,,,,,,,,,,,,,,,,,,,,,,,,,,,94,87,74,77,0,10,0,10,11,18
14000US42101003300,"Census Tract 33, Philadelphia, PA",2196,188,362,138,324,160,241,118,212,128,175,109,84,89,68,54,187,132,105,92,154,73,139,96,,,,,,,,,,,,,,,,,,,,,,,,,,,89,63,26,29,8,15,17,29,5,9
14000US42101003600,"Census Tract 36, Philadelphia, PA",2805,163,786,233,356,158,240,116,284,162,239,135,222,128,114,82,80,42,26,31,62,45,185,113,,,,,,,,,,,,,,,,,,,,,,,,,,,91,66,66,54,18,30,18,27,18,30
14000US42101003701,"Census Tract 37.01, Philadelphia, PA",2203,185,248,129,233,112,150,96,212,143,141,107,136,87,252,157,13,20,217,143,86,95,413,221,,,,,,,,,,,,,,,,,,,,,,,,,,,89,72,0,15,13,27,0,15,0,15
14000US42101003702,"Census Tract 37.02, Philadelphia, PA",1379,89,259,94,132,75,17,26,84,58,84,63,117,70,71,53,72,57,113,69,128,57,89,46,,,,,,,,,,,,,,,,,,,,,,,,,,,111,58,78,61,0,10,10,15,14,16
14000US42101003800,"Census Tract 38, Philadelphia, PA",1575,76,45,33,71,38,98,58,106,57,105,65,82,43,99,65,46,40,58,34,133,80,202,97,,,,,,,,,,,,,,,,,,,,,,,,,,,159,63,124,76,78,46,69,50,100,60
14000US42101003901,"Census Tract 39.01, Philadelphia, PA",2524,159,251,128,230,99,153,82,320,160,163,102,150,101,117,75,147,106,85,68,119,69,216,116,,,,,,,,,,,,,,,,,,,,,,,,,,,305,152,71,59,110,78,65,67,22,27
14000US42101003902,"Census Tract 39.02, Philadelphia, PA",2406,101,146,85,209,84,137,91,121,75,23,26,82,55,84,58,103,53,144,71,317,149,235,120,,,,,,,,,,,,,,,,,,,,,,,,,,,299,128,256,140,123,70,69,53,58,46
14000US42101004001,"Census Tract 40.01, Philadelphia, PA",1895,94,110,79,195,90,156,71,239,90,66,42,155,69,61,36,118,82,29,28,181,102,202,80,,,,,,,,,,,,,,,,,,,,,,,,,,,249,82,65,42,29,27,40,32,0,10
14000US42101004002,"Census Tract 40.02, Philadelphia, PA",2003,135,108,69,145,76,142,71,213,106,103,68,115,73,199,159,44,42,85,65,107,72,252,113,,,,,,,,,,,,,,,,,,,,,,,,,,,206,90,150,74,45,36,79,51,10,17
14000US42101004101,"Census Tract 41.01, Philadelphia, PA",2058,166,310,130,188,92,216,109,384,157,174,101,139,79,110,50,126,77,17,20,140,111,75,55,,,,,,,,,,,,,,,,,,,,,,,,,,,105,67,66,41,0,15,0,15,8,15
14000US42101004102,"Census Tract 41.02, Philadelphia, PA",2595,151,267,120,282,133,219,120,222,107,115,67,210,97,204,105,49,48,120,79,123,68,325,126,,,,,,,,,,,,,,,,,,,,,,,,,,,254,133,130,89,32,53,43,51,0,15
14000US42101004201,"Census Tract 42.01, Philadelphia, PA",2041,131,297,129,93,47,198,101,20,23,67,61,176,109,57,45,34,30,204,75,205,100,125,76,,,,,,,,,,,,,,,,,,,,,,,,,,,247,103,119,85,87,61,102,92,10,16
14000US42101004202,"Census Tract 42.02, Philadelphia, PA",1728,103,227,85,69,46,160,70,117,65,83,53,91,73,101,68,40,42,133,83,188,79,152,87,,,,,,,,,,,,,,,,,,,,,,,,,,,203,85,84,52,72,45,8,13,0,15
14000US42101005000,"Census Tract 50, Philadelphia, PA",0,10,0,10,0,10,0,10,0,10,0,10,0,10,0,10,0,10,0,10,0,10,0,10,,,,,,,,,,,,,,,,,,,,,,,,,,,0,10,0,10,0,10,0,10,0,10
14000US42101005400,"Census Tract 54, Philadelphia, PA",654,61,83,55,41,32,28,42,15,17,32,34,25,27,34,39,23,24,32,34,80,61,78,52,,,,,,,,,,,,,,,,,,,,,,,,,,,92,50,41,30,0,10,39,43,11,14
14000US42101005500,"Census Tract 55, Philadelphia, PA",2444,102,224,143,31,48,135,105,197,106,92,59,59,72,14,24,289,143,236,143,217,93,299,141,,,,,,,,,,,,,,,,,,,,,,,,,,,408,152,108,62,0,15,94,98,41,56
14000US42101005600,"Census Tract 56, Philadelphia, PA",528,64,45,31,51,44,68,50,7,10,27,46,43,43,12,19,19,30,22,33,36,32,91,73,,,,,,,,,,,,,,,,,,,,,,,,,,,43,50,64,63,0,10,0,10,0,10
14000US42101006000,"Census Tract 60, Philadelphia, PA",2402,138,178,75,194,107,201,117,124,82,161,108,234,128,85,85,222,140,133,116,163,92,189,110,,,,,,,,,,,,,,,,,,,,,,,,,,,411,176,61,50,31,35,0,15,15,26
14000US42101006100,"Census Tract 61, Philadelphia, PA",1143,82,102,84,54,48,66,42,118,56,8,13,70,63,164,104,65,47,20,23,130,78,172,77,,,,,,,,,,,,,,,,,,,,,,,,,,,166,81,0,10,0,10,8,14,0,10
14000US42101006200,"Census Tract 62, Philadelphia, PA",1312,114,112,66,188,79,140,87,99,61,97,61,100,67,116,61,53,44,69,52,84,57,148,92,,,,,,,,,,,,,,,,,,,,,,,,,,,38,45,16,28,0,10,13,22,39,45
14000US42101006300,"Census Tract 63, Philadelphia, PA",1232,106,275,97,193,91,90,63,73,56,48,35,98,57,33,30,40,35,60,55,79,54,70,54,,,,,,,,,,,,,,,,,,,,,,,,,,,51,45,109,83,0,10,13,22,0,10
14000US42101006400,"Census Tract 64, Philadelphia, PA",1314,132,220,91,111,62,37,28,141,76,63,55,148,78,66,56,24,28,129,82,54,44,155,88,,,,,,,,,,,,,,,,,,,,,,,,,,,91,67,26,30,22,26,27,43,0,10
14000US42101006500,"Census Tract 65, Philadelphia, PA",1778,124,292,108,225,96,173,81,178,75,86,55,63,39,97,59,126,64,91,61,68,55,69,48,,,,,,,,,,,,,,,,,,,,,,,,,,,116,61,124,89,12,20,34,41,24,38
14000US42101006600,"Census Tract 66, Philadelphia, PA",1441,100,261,96,272,102,82,54,98,56,148,90,105,85,44,42,120,86,26,26,59,43,81,53,,,,,,,,,,,,,,,,,,,,,,,,,,,110,71,24,20,0,10,11,20,0,10
14000US42101006700,"Census Tract 67, Philadelphia, PA",2467,152,437,192,398,181,263,142,190,107,91,73,191,111,225,136,174,108,8,15,130,102,135,99,,,,,,,,,,,,,,,,,,,,,,,,,,,25,29,171,115,29,47,0,15,0,15
14000US42101006900,"Census Tract 69, Philadelphia, PA",1007,83,288,88,150,74,88,66,146,61,17,19,13,17,45,45,65,48,0,10,80,55,30,29,,,,,,,,,,,,,,,,,,,,,,,,,,,64,45,7,13,0,10,14,20,0,10
14000US42101007000,"Census Tract 70, Philadelphia, PA",1553,114,247,110,145,74,156,61,141,71,130,81,168,94,119,76,72,73,34,27,83,67,97,67,,,,,,,,,,,,,,,,,,,,,,,,,,,51,33,39,38,5,9,56,60,10,17
14000US42101007101,"Census Tract 71.01, Philadelphia, PA",968,105,208,107,43,44,23,25,17,21,173,101,55,47,22,29,177,95,61,50,120,79,47,67,,,,,,,,,,,,,,,,,,,,,,,,,,,16,15,0,10,0,10,6,12,0,10
14000US42101007102,"Census Tract 71.02, Philadelphia, PA",1766,143,354,142,221,121,164,93,112,83,236,124,84,62,74,52,93,70,63,67,165,111,79,56,,,,,,,,,,,,,,,,,,,,,,,,,,,66,55,55,59,0,10,0,10,0,10
14000US42101007200,"Census Tract 72, Philadelphia, PA",1555,141,312,130,106,73,199,98,84,55,84,56,117,73,68,45,81,44,84,54,136,90,115,58,,,,,,,,,,,,,,,,,,,,,,,,,,,111,60,39,35,0,10,19,32,0,10
14000US42101007300,"Census Tract 73, Philadelphia, PA",1167,131,141,98,124,77,145,91,160,90,97,64,70,61,143,105,95,78,44,43,22,26,63,55,,,,,,,,,,,,,,,,,,,,,,,,,,,15,27,46,38,0,10,0,10,2,9
14000US42101007400,"Census Tract 74, Philadelphia, PA",1644,130,308,103,231,80,190,86,130,53,64,53,77,56,93,69,86,56,22,24,75,52,115,78,,,,,,,,,,,,,,,,,,,,,,,,,,,169,77,52,51,23,39,0,10,9,17
14000US42101007700,"Census Tract 77, Philadelphia, PA",723,65,191,66,67,33,33,31,56,36,10,17,43,28,27,28,11,10,13,19,82,61,83,53,,,,,,,,,,,,,,,,,,,,,,,,,,,34,28,33,39,0,10,24,19,16,25
14000US42101007800,"Census Tract 78, Philadelphia, PA",1991,129,229,121,77,71,186,117,156,77,183,100,102,86,80,61,62,48,26,31,214,114,100,89,,,,,,,,,,,,,,,,,,,,,,,,,,,249,103,153,81,50,54,45,48,79,55
14000US42101007900,"Census Tract 79, Philadelphia, PA",2055,139,113,75,114,81,61,63,247,117,121,88,142,83,172,113,149,105,56,44,92,71,231,105,,,,,,,,,,,,,,,,,,,,,,,,,,,199,80,74,43,147,83,89,56,48,37
14000US42101008000,"Census Tract 80, Philadelphia, PA",1454,152,144,91,205,98,291,124,41,37,24,22,90,71,129,64,36,35,63,61,126,85,118,71,,,,,,,,,,,,,,,,,,,,,,,,,,,105,47,48,44,0,10,34,42,0,10
14000US42101008101,"Census Tract 81.01, Philadelphia, PA",947,125,206,130,58,52,69,69,134,99,39,31,33,39,27,32,20,25,16,27,69,81,144,104,,,,,,,,,,,,,,,,,,,,,,,,,,,91,54,15,24,0,10,0,10,26,45
14000US42101008102,"Census Tract 81.02, Philadelphia, PA",1838,158,250,136,103,67,182,104,201,112,116,70,112,81,23,30,100,69,119,98,270,133,157,120,,,,,,,,,,,,,,,,,,,,,,,,,,,145,96,44,43,16,26,0,15,0,15
14000US42101008200,"Census Tract 82, Philadelphia, PA",2554,176,422,182,161,89,259,140,66,52,139,83,74,70,203,128,224,136,143,104,229,129,248,139,,,,,,,,,,,,,,,,,,,,,,,,,,,211,151,70,55,26,39,56,72,23,26
14000US42101008301,"Census Tract 83.01, Philadelphia, PA",1776,111,357,121,267,95,38,31,183,78,175,89,75,47,133,80,150,84,42,52,94,49,81,54,,,,,,,,,,,,,,,,,,,,,,,,,,,83,54,33,35,24,29,10,15,31,27
14000US42101008302,"Census Tract 83.02, Philadelphia, PA",1626,132,364,138,152,71,127,57,106,61,136,75,128,78,49,54,135,90,51,44,63,50,129,96,,,,,,,,,,,,,,,,,,,,,,,,,,,99,64,23,32,64,75,0,10,0,10
14000US42101008400,"Census Tract 84, Philadelphia, PA",1776,115,369,127,179,91,207,83,98,51,211,93,84,67,69,61,41,32,65,56,152,66,111,74,,,,,,,,,,,,,,,,,,,,,,,,,,,100,60,45,49,20,23,9,15,16,19
14000US42101008500,"Census Tract 85, Philadelphia, PA",2485,210,393,159,277,135,313,111,204,101,85,65,100,91,243,132,99,66,126,88,224,116,206,130,,,,,,,,,,,,,,,,,,,,,,,,,,,122,68,63,58,0,15,16,21,14,23
14000US42101008601,"Census Tract 86.01, Philadelphia, PA",1369,179,249,127,39,59,92,60,56,57,71,68,106,93,73,62,28,34,110,126,94,80,87,58,,,,,,,,,,,,,,,,,,,,,,,,,,,92,81,108,73,91,57,48,33,25,36
14000US42101008602,"Census Tract 86.02, Philadelphia, PA",1223,129,270,116,145,130,94,60,0,10,112,75,127,99,49,51,89,72,13,20,99,89,38,39,,,,,,,,,,,,,,,,,,,,,,,,,,,41,46,146,79,0,10,0,10,0,10
14000US42101008701,"Census Tract 87.01, Philadelphia, PA",1886,130,464,171,128,65,43,38,34,33,95,64,222,127,89,77,77,43,75,45,85,53,178,110,,,,,,,,,,,,,,,,,,,,,,,,,,,135,83,131,94,32,30,65,61,33,36
14000US42101008702,"Census Tract 87.02, Philadelphia, PA",1408,103,539,120,58,65,31,30,80,70,89,64,58,62,56,48,83,59,0,10,87,65,26,25,,,,,,,,,,,,,,,,,,,,,,,,,,,72,51,79,45,70,56,39,50,41,41
14000US42101008801,"Census Tract 88.01, Philadelphia, PA",258,62,79,53,16,19,29,35,40,39,6,9,56,41,0,10,0,10,0,10,11,16,0,10,,,,,,,,,,,,,,,,,,,,,,,,,,,0,10,0,10,0,10,21,29,0,10
14000US42101008802,"Census Tract 88.02, Philadelphia, PA",1400,110,675,145,187,84,95,71,89,65,60,60,100,72,11,17,48,37,12,19,39,35,45,37,,,,,,,,,,,,,,,,,,,,,,,,,,,0,15,6,11,33,53,0,15,0,15
14000US42101009000,"Census Tract 90, Philadelphia, PA",1102,99,384,101,95,61,56,41,101,69,99,79,42,32,7,12,36,34,59,48,36,25,26,22,,,,,,,,,,,,,,,,,,,,,,,,,,,53,48,20,22,58,26,14,17,16,19
14000US42101009100,"Census Tract 91, Philadelphia, PA",1322,132,537,111,122,60,83,63,57,52,55,58,74,45,45,66,58,59,0,10,64,42,42,53,,,,,,,,,,,,,,,,,,,,,,,,,,,61,43,0,10,20,23,48,37,56,40
14000US42101009200,"Census Tract 92, Philadelphia, PA",1279,96,349,102,124,57,133,80,57,49,64,50,57,57,82,59,108,57,41,44,57,44,105,63,,,,,,,,,,,,,,,,,,,,,,,,,,,51,48,17,26,20,30,14,21,0,10
14000US42101009300,"Census Tract 93, Philadelphia, PA",1616,155,430,137,230,98,91,50,82,58,68,50,121,62,113,70,82,60,60,49,94,60,92,52,,,,,,,,,,,,,,,,,,,,,,,,,,,32,38,46,43,35,51,40,38,0,10
14000US42101009400,"Census Tract 94, Philadelphia, PA",1638,136,403,113,299,73,139,69,172,71,140,64,148,73,63,49,32,26,21,24,81,52,63,55,,,,,,,,,,,,,,,,,,,,,,,,,,,53,50,24,26,0,10,0,10,0,10
14000US42101009500,"Census Tract 95, Philadelphia, PA",1367,133,358,135,212,74,168,100,67,66,56,49,53,39,58,45,45,48,24,31,153,96,136,63,,,,,,,,,,,,,,,,,,,,,,,,,,,14,16,14,25,0,10,9,13,0,10
14000US42101009600,"Census Tract 96, Philadelphia, PA",1684,151,371,139,278,104,161,87,121,70,115,83,51,46,41,32,59,54,93,74,98,73,140,98,,,,,,,,,,,,,,,,,,,,,,,,,,,104,66,52,58,0,10,0,10,0,10
14000US42101009801,"Census Tract 98.01, Philadelphia, PA",990,40,106,67,95,76,128,117,95,94,10,15,44,43,42,50,14,16,12,23,170,134,139,113,,,,,,,,,,,,,,,,,,,,,,,,,,,89,74,35,35,0,10,11,20,0,10
14000US42101009802,"Census Tract 98.02, Philadelphia, PA",2026,127,134,93,80,54,139,95,157,106,63,70,77,56,172,113,89,85,78,65,341,150,104,62,,,,,,,,,,,,,,,,,,,,,,,,,,,318,132,98,64,109,67,67,56,0,15
14000US42101010000,"Census Tract 100, Philadelphia, PA",1754,102,284,108,125,81,109,63,75,60,135,75,39,27,122,62,93,72,59,50,285,112,157,62,,,,,,,,,,,,,,,,,,,,,,,,,,,146,71,82,53,27,42,16,24,0,15
14000US42101010100,"Census Tract 101, Philadelphia, PA",2087,228,530,197,242,122,205,116,61,55,166,115,216,94,103,94,64,72,8,14,151,115,59,48,,,,,,,,,,,,,,,,,,,,,,,,,,,120,85,140,81,7,14,0,15,15,25
14000US42101010200,"Census Tract 102, Philadelphia, PA",1163,102,319,119,232,107,123,71,72,66,107,70,57,39,73,70,22,25,26,42,38,35,34,30,,,,,,,,,,,,,,,,,,,,,,,,,,,38,44,22,32,0,10,0,10,0,10
14000US42101010300,"Census Tract 103, Philadelphia, PA",976,102,64,45,112,61,84,54,176,82,86,60,84,50,27,27,13,15,31,34,48,46,97,41,,,,,,,,,,,,,,,,,,,,,,,,,,,75,48,26,21,9,16,27,42,17,22
14000US42101010400,"Census Tract 104, Philadelphia, PA",1113,137,247,99,87,44,22,24,82,54,110,87,11,20,56,51,49,54,56,54,163,88,52,52,,,,,,,,,,,,,,,,,,,,,,,,,,,84,60,37,45,57,73,0,10,0,10
14000US42101010500,"Census Tract 105, Philadelphia, PA",1447,111,480,140,225,70,87,55,153,64,34,32,117,71,69,49,33,26,11,17,0,10,131,82,,,,,,,,,,,,,,,,,,,,,,,,,,,66,44,22,22,8,13,0,10,11,18
14000US42101010600,"Census Tract 106, Philadelphia, PA",503,101,168,71,35,33,52,49,8,13,40,41,9,11,22,24,4,11,42,51,10,20,80,38,,,,,,,,,,,,,,,,,,,,,,,,,,,29,30,0,10,4,11,0,10,0,10
14000US42101010700,"Census Tract 107, Philadelphia, PA",1234,181,351,112,167,64,90,78,113,85,17,20,95,83,17,23,44,46,146,86,39,41,95,85,,,,,,,,,,,,,,,,,,,,,,,,,,,51,35,0,10,9,14,0,10,0,10
14000US42101010800,"Census Tract 108, Philadelphia, PA",1408,144,392,126,317,89,113,69,193,91,52,45,53,40,44,48,61,50,0,10,46,39,82,56,,,,,,,,,,,,,,,,,,,,,,,,,,,44,42,11,17,0,10,0,10,0,10
14000US42101010900,"Census Tract 109, Philadelphia, PA",733,79,224,80,68,46,112,65,42,37,26,27,60,38,31,26,17,24,0,10,49,34,9,15,,,,,,,,,,,,,,,,,,,,,,,,,,,43,31,33,24,0,10,19,20,0,10
14000US42101011000,"Census Tract 110, Philadelphia, PA",1356,138,384,138,198,108,76,46,152,83,114,71,72,66,104,84,19,24,14,22,79,64,70,46,,,,,,,,,,,,,,,,,,,,,,,,,,,19,29,29,28,11,18,0,10,15,20
14000US42101011100,"Census Tract 111, Philadelphia, PA",1334,138,338,97,191,76,193,73,110,54,62,41,81,56,22,22,33,39,119,79,80,59,48,33,,,,,,,,,,,,,,,,,,,,,,,,,,,29,31,20,19,0,10,8,16,0,10
14000US42101011200,"Census Tract 112, Philadelphia, PA",1975,180,496,190,147,80,161,82,219,99,146,96,130,82,109,86,103,78,35,40,90,74,189,107,,,,,,,,,,,,,,,,,,,,,,,,,,,86,72,49,51,15,25,0,15,0,15
14000US42101011300,"Census Tract 113, Philadelphia, PA",1089,113,184,104,67,37,18,19,46,34,78,59,50,45,86,78,149,79,62,45,184,88,48,35,,,,,,,,,,,,,,,,,,,,,,,,,,,100,84,0,10,10,15,7,12,0,10
14000US42101011400,"Census Tract 114, Philadelphia, PA",2757,171,596,169,199,112,261,138,169,115,113,89,73,51,129,100,196,114,104,66,235,113,313,136,,,,,,,,,,,,,,,,,,,,,,,,,,,222,133,60,66,58,48,7,15,22,26
14000US42101011500,"Census Tract 115, Philadelphia, PA",1580,96,168,91,0,10,97,65,73,56,83,58,157,85,89,53,1,6,97,69,184,90,170,81,,,,,,,,,,,,,,,,,,,,,,,,,,,312,119,120,87,10,16,19,23,0,10
14000US42101011700,"Census Tract 117, Philadelphia, PA",363,34,72,35,0,10,6,9,43,32,9,11,3,5,0,10,19,17,26,26,47,37,20,19,,,,,,,,,,,,,,,,,,,,,,,,,,,37,29,26,23,28,24,10,15,17,22
14000US42101011800,"Census Tract 118, Philadelphia, PA",2133,126,264,137,162,92,153,98,103,64,110,79,100,74,112,76,126,114,137,88,163,99,108,79,,,,,,,,,,,,,,,,,,,,,,,,,,,212,87,97,76,136,107,120,89,30,33
14000US42101011900,"Census Tract 119, Philadelphia, PA",2041,156,323,143,154,81,41,65,190,99,90,62,155,89,165,98,82,62,97,88,264,123,110,77,,,,,,,,,,,,,,,,,,,,,,,,,,,164,87,55,54,63,64,58,52,30,31
14000US42101012000,"Census Tract 120, Philadelphia, PA",750,56,126,61,30,26,54,43,26,31,30,30,46,29,18,19,68,46,8,10,82,46,46,30,,,,,,,,,,,,,,,,,,,,,,,,,,,72,39,40,49,60,28,25,20,19,17
14000US42101012100,"Census Tract 121, Philadelphia, PA",1244,113,201,95,98,75,119,67,36,32,69,63,105,65,128,94,40,36,121,75,54,37,60,45,,,,,,,,,,,,,,,,,,,,,,,,,,,105,56,67,50,33,27,8,15,0,10
14000US42101012201,"Census Tract 122.01, Philadelphia, PA",2069,135,817,209,221,108,175,119,106,76,29,32,91,57,0,10,89,78,52,54,88,59,150,85,,,,,,,,,,,,,,,,,,,,,,,,,,,159,94,47,55,32,43,0,10,13,21
14000US42101012203,"Census Tract 122.03, Philadelphia, PA",912,103,281,99,51,36,67,50,102,65,58,48,17,22,55,39,81,56,47,44,103,75,22,28,,,,,,,,,,,,,,,,,,,,,,,,,,,28,37,0,10,0,10,0,10,0,10
14000US42101012204,"Census Tract 122.04, Philadelphia, PA",1776,121,265,124,138,73,99,90,79,57,99,65,111,89,75,61,120,102,72,64,260,112,108,64,,,,,,,,,,,,,,,,,,,,,,,,,,,115,63,146,77,25,39,37,38,27,30
14000US42101012500,"Census Tract 125, Philadelphia, PA",2751,201,479,182,69,56,45,42,195,110,103,68,186,99,10,16,87,93,150,91,304,139,210,109,,,,,,,,,,,,,,,,,,,,,,,,,,,339,153,79,61,188,88,200,120,107,73
14000US42101013100,"Census Tract 131, Philadelphia, PA",675,72,138,58,58,51,16,15,78,51,54,44,68,36,14,16,52,44,36,29,12,13,19,19,,,,,,,,,,,,,,,,,,,,,,,,,,,82,57,39,38,9,14,0,10,0,10
14000US42101013200,"Census Tract 132, Philadelphia, PA",971,102,219,78,198,92,88,65,45,47,51,59,53,43,60,60,35,38,74,92,16,20,52,52,,,,,,,,,,,,,,,,,,,,,,,,,,,50,54,8,15,14,17,8,12,0,10
14000US42101013300,"Census Tract 133, Philadelphia, PA",1423,121,156,89,137,81,25,37,45,47,69,39,47,36,100,67,58,38,114,83,161,93,109,65,,,,,,,,,,,,,,,,,,,,,,,,,,,148,66,80,51,45,43,33,35,96,61
14000US42101013401,"Census Tract 134.01, Philadelphia, PA",1495,92,73,58,73,83,80,51,74,61,39,34,32,48,82,57,47,44,64,49,115,75,179,107,,,,,,,,,,,,,,,,,,,,,,,,,,,159,78,127,65,84,55,101,62,166,63
14000US42101013402,"Census Tract 134.02, Philadelphia, PA",1406,125,131,87,0,10,57,45,44,44,58,55,48,76,64,48,65,61,55,51,128,82,90,48,,,,,,,,,,,,,,,,,,,,,,,,,,,169,76,94,77,74,43,150,83,179,91
14000US42101013500,"Census Tract 135, Philadelphia, PA",1363,90,87,59,116,66,31,27,78,69,83,48,16,18,28,35,47,49,105,66,143,100,160,58,,,,,,,,,,,,,,,,,,,,,,,,,,,103,66,90,48,85,44,117,51,74,39
14000US42101013601,"Census Tract 136.01, Philadelphia, PA",1282,143,11,18,35,39,28,30,12,20,13,21,33,31,17,27,48,40,20,32,65,54,154,94,,,,,,,,,,,,,,,,,,,,,,,,,,,218,120,179,66,88,50,216,105,145,64
14000US42101013602,"Census Tract 136.02, Philadelphia, PA",1796,85,63,50,101,83,56,46,19,26,13,18,73,54,35,34,91,112,60,47,185,91,174,89,,,,,,,,,,,,,,,,,,,,,,,,,,,294,116,235,121,114,70,142,89,141,65
14000US42101013700,"Census Tract 137, Philadelphia, PA",1784,192,335,148,195,105,230,106,105,71,207,112,137,91,63,54,83,52,29,33,21,23,86,64,,,,,,,,,,,,,,,,,,,,,,,,,,,142,75,24,27,31,34,27,27,69,53
14000US42101013800,"Census Tract 138, Philadelphia, PA",836,91,256,100,76,54,0,10,53,53,82,62,32,34,43,45,34,51,57,68,17,24,90,64,,,,,,,,,,,,,,,,,,,,,,,,,,,46,47,27,28,15,23,8,12,0,10
14000US42101013900,"Census Tract 139, Philadelphia, PA",1051,131,316,109,203,86,149,83,53,46,48,55,24,33,18,20,0,10,0,10,39,42,134,94,,,,,,,,,,,,,,,,,,,,,,,,,,,47,34,0,10,0,10,20,23,0,10
14000US42101014000,"Census Tract 140, Philadelphia, PA",1182,136,254,107,106,56,73,68,55,38,39,44,117,200,21,24,241,141,0,10,92,80,72,63,,,,,,,,,,,,,,,,,,,,,,,,,,,86,60,18,22,8,13,0,10,0,10
14000US42101014100,"Census Tract 141, Philadelphia, PA",870,75,174,81,150,85,114,62,76,49,27,26,45,40,42,44,89,76,10,15,26,25,20,23,,,,,,,,,,,,,,,,,,,,,,,,,,,29,35,40,41,0,10,28,36,0,10
14000US42101014200,"Census Tract 142, Philadelphia, PA",1664,105,95,61,106,67,98,49,10,16,9,15,45,43,68,49,58,48,94,58,124,66,212,87,,,,,,,,,,,,,,,,,,,,,,,,,,,288,105,143,58,181,72,108,56,25,26
14000US42101014300,"Census Tract 143, Philadelphia, PA",708,70,23,21,49,38,15,16,51,55,22,24,38,25,57,48,30,30,35,45,53,42,84,50,,,,,,,,,,,,,,,,,,,,,,,,,,,188,65,24,20,36,30,0,10,3,5
14000US42101014400,"Census Tract 144, Philadelphia, PA",1128,109,43,41,207,108,156,57,54,52,65,52,51,55,6,11,34,34,46,36,97,69,129,84,,,,,,,,,,,,,,,,,,,,,,,,,,,130,67,85,62,19,24,0,10,6,10
14000US42101014500,"Census Tract 145, Philadelphia, PA",648,66,244,70,86,38,38,26,64,44,28,28,16,25,40,29,0,10,33,31,40,37,24,21,,,,,,,,,,,,,,,,,,,,,,,,,,,33,28,2,5,0,10,0,10,0,10
14000US42101014600,"Census Tract 146, Philadelphia, PA",1051,107,254,116,127,68,78,56,114,69,22,24,40,51,22,24,74,50,22,25,21,25,109,66,,,,,,,,,,,,,,,,,,,,,,,,,,,102,57,0,10,0,10,58,56,8,14
14000US42101014700,"Census Tract 147, Philadelphia, PA",1071,110,591,149,77,55,70,51,50,51,44,44,21,27,42,40,25,28,12,18,54,53,26,43,,,,,,,,,,,,,,,,,,,,,,,,,,,30,35,29,40,0,10,0,10,0,10
14000US42101014800,"Census Tract 148, Philadelphia, PA",317,84,144,69,43,43,32,38,4,7,0,10,11,16,5,9,9,16,0,10,5,11,48,14,,,,,,,,,,,,,,,,,,,,,,,,,,,3,8,13,23,0,10,0,10,0,10
14000US42101014900,"Census Tract 149, Philadelphia, PA",1401,180,437,165,202,83,38,35,140,93,35,31,53,72,148,86,35,31,6,14,95,81,58,40,,,,,,,,,,,,,,,,,,,,,,,,,,,111,73,29,31,14,23,0,10,0,10
14000US42101015101,"Census Tract 151.01, Philadelphia, PA",933,117,353,135,62,70,80,72,22,29,41,41,55,52,29,40,69,68,49,49,37,57,81,92,,,,,,,,,,,,,,,,,,,,,,,,,,,39,62,0,10,0,10,0,10,16,25
14000US42101015102,"Census Tract 151.02, Philadelphia, PA",1897,178,728,183,293,126,150,79,119,79,96,77,99,72,161,119,61,70,53,51,14,19,53,57,,,,,,,,,,,,,,,,,,,,,,,,,,,34,35,13,21,11,17,0,10,12,19
14000US42101015200,"Census Tract 152, Philadelphia, PA",1947,177,720,181,228,134,264,121,171,101,41,38,96,69,53,40,80,91,79,65,50,47,12,19,,,,,,,,,,,,,,,,,,,,,,,,,,,114,108,15,23,0,15,0,15,24,30
14000US42101015300,"Census Tract 153, Philadelphia, PA",1208,117,598,153,89,64,124,64,46,47,58,55,61,46,35,37,22,22,14,23,25,28,40,32,,,,,,,,,,,,,,,,,,,,,,,,,,,44,47,43,48,0,10,9,15,0,10
14000US42101015600,"Census Tract 156, Philadelphia, PA",573,60,181,56,98,44,40,31,5,7,39,41,31,27,29,33,0,10,0,10,24,24,14,22,,,,,,,,,,,,,,,,,,,,,,,,,,,51,29,45,41,7,11,0,10,9,14
14000US42101015700,"Census Tract 157, Philadelphia, PA",939,85,183,72,69,43,63,44,136,64,32,34,56,51,33,35,53,61,25,23,10,18,88,59,,,,,,,,,,,,,,,,,,,,,,,,,,,74,63,40,39,53,66,24,28,0,10
14000US42101015800,"Census Tract 158, Philadelphia, PA",2580,133,266,113,231,121,277,105,119,86,85,58,104,102,43,39,193,98,48,45,185,128,260,113,,,,,,,,,,,,,,,,,,,,,,,,,,,386,152,188,104,61,53,66,59,68,86
14000US42101016000,"Census Tract 160, Philadelphia, PA",2763,189,366,161,114,77,100,60,234,115,219,124,86,59,132,73,165,113,121,90,205,98,196,98,,,,,,,,,,,,,,,,,,,,,,,,,,,456,181,213,131,111,97,22,26,23,26
14000US42101016100,"Census Tract 161, Philadelphia, PA",1760,127,246,97,355,124,147,74,144,74,139,77,146,67,79,52,93,67,75,54,86,56,127,73,,,,,,,,,,,,,,,,,,,,,,,,,,,56,34,12,19,46,37,0,15,9,13
14000US42101016200,"Census Tract 162, Philadelphia, PA",737,95,263,91,62,49,58,30,107,78,7,12,14,14,49,33,82,72,6,9,57,52,10,16,,,,,,,,,,,,,,,,,,,,,,,,,,,11,13,11,21,0,10,0,10,0,10
14000US42101016300,"Census Tract 163, Philadelphia, PA",1092,113,421,122,207,114,69,42,84,63,48,48,66,51,53,53,4,8,0,10,66,73,12,19,,,,,,,,,,,,,,,,,,,,,,,,,,,9,14,53,61,0,10,0,10,0,10
14000US42101016400,"Census Tract 164, Philadelphia, PA",1526,117,605,116,230,95,51,41,185,96,95,71,75,60,32,30,45,44,82,71,18,28,74,59,,,,,,,,,,,,,,,,,,,,,,,,,,,7,15,10,19,11,16,0,10,6,11
14000US42101016500,"Census Tract 165, Philadelphia, PA",912,120,301,95,175,86,71,50,83,58,17,21,121,78,30,33,8,12,9,15,0,10,69,61,,,,,,,,,,,,,,,,,,,,,,,,,,,28,28,0,10,0,10,0,10,0,10
14000US42101016600,"Census Tract 166, Philadelphia, PA",524,119,232,108,38,29,11,17,55,72,38,34,36,45,28,24,31,33,0,10,0,10,0,10,,,,,,,,,,,,,,,,,,,,,,,,,,,6,10,49,51,0,10,0,10,0,10
14000US42101016701,"Census Tract 167.01, Philadelphia, PA",1085,133,286,114,79,68,133,72,56,39,87,83,45,39,37,42,21,23,66,50,78,58,34,31,,,,,,,,,,,,,,,,,,,,,,,,,,,67,41,57,50,26,29,13,22,0,10
14000US42101016702,"Census Tract 167.02, Philadelphia, PA",1192,126,420,166,78,52,153,97,44,51,168,107,54,63,27,26,91,73,57,66,20,24,41,44,,,,,,,,,,,,,,,,,,,,,,,,,,,14,28,12,22,0,10,0,10,13,20
14000US42101016800,"Census Tract 168, Philadelphia, PA",1385,125,276,86,224,107,91,39,51,43,61,43,124,70,117,58,119,76,50,49,67,40,26,32,,,,,,,,,,,,,,,,,,,,,,,,,,,93,59,7,13,58,64,0,10,21,33
14000US42101016901,"Census Tract 169.01, Philadelphia, PA",1302,176,249,104,151,89,112,72,164,73,124,71,76,58,40,38,63,55,34,45,107,64,39,41,,,,,,,,,,,,,,,,,,,,,,,,,,,70,47,18,20,28,32,0,10,27,41
14000US42101016902,"Census Tract 169.02, Philadelphia, PA",2141,182,334,149,334,130,210,97,268,138,116,66,105,74,126,85,108,91,15,18,226,135,115,69,,,,,,,,,,,,,,,,,,,,,,,,,,,83,66,46,54,32,37,23,39,0,15
14000US42101017000,"Census Tract 170, Philadelphia, PA",1209,139,270,138,45,36,137,92,169,103,32,33,49,62,31,39,54,45,30,28,94,56,102,75,,,,,,,,,,,,,,,,,,,,,,,,,,,42,32,111,60,36,39,7,15,0,10
14000US42101017100,"Census Tract 171, Philadelphia, PA",1462,119,343,126,152,75,149,55,74,48,94,58,175,70,78,51,48,46,0,10,129,75,38,35,,,,,,,,,,,,,,,,,,,,,,,,,,,78,51,85,71,19,22,0,10,0,10
14000US42101017201,"Census Tract 172.01, Philadelphia, PA",1286,119,237,112,249,118,162,100,103,63,147,72,40,42,38,36,110,90,22,25,61,65,61,61,,,,,,,,,,,,,,,,,,,,,,,,,,,50,51,6,11,0,10,0,10,0,10
14000US42101017202,"Census Tract 172.02, Philadelphia, PA",1357,162,277,122,185,101,218,120,165,98,56,67,43,38,78,40,103,83,55,44,74,49,63,58,,,,,,,,,,,,,,,,,,,,,,,,,,,20,24,0,10,0,10,20,29,0,10
14000US42101017300,"Census Tract 173, Philadelphia, PA",1253,104,240,109,188,67,198,66,92,63,118,80,24,22,34,28,40,35,63,50,62,56,79,47,,,,,,,,,,,,,,,,,,,,,,,,,,,60,55,33,41,8,13,0,10,14,21
14000US42101017400,"Census Tract 174, Philadelphia, PA",792,90,189,95,145,60,65,34,78,46,4,7,76,45,61,55,7,12,8,13,66,43,46,39,,,,,,,,,,,,,,,,,,,,,,,,,,,19,22,28,39,0,10,0,10,0,10
14000US42101017500,"Census Tract 175, Philadelphia, PA",2283,142,794,187,366,140,160,73,271,125,153,87,88,79,150,93,67,62,10,17,91,80,73,83,,,,,,,,,,,,,,,,,,,,,,,,,,,60,55,0,15,0,15,0,15,0,15
14000US42101017601,"Census Tract 176.01, Philadelphia, PA",1822,161,796,166,270,106,185,97,108,73,39,37,47,63,24,30,92,68,0,15,115,75,51,42,,,,,,,,,,,,,,,,,,,,,,,,,,,75,46,20,21,0,15,0,15,0,15
14000US42101017602,"Census Tract 176.02, Philadelphia, PA",1152,109,278,96,161,61,208,86,156,80,127,66,84,52,34,37,0,10,0,10,10,15,30,36,,,,,,,,,,,,,,,,,,,,,,,,,,,64,44,0,10,0,10,0,10,0,10
14000US42101017701,"Census Tract 177.01, Philadelphia, PA",988,119,302,104,121,72,75,47,68,52,99,78,127,83,37,60,31,40,0,10,89,62,13,24,,,,,,,,,,,,,,,,,,,,,,,,,,,26,32,0,10,0,10,0,10,0,10
14000US42101017702,"Census Tract 177.02, Philadelphia, PA",1566,152,441,118,238,106,326,112,113,74,57,52,102,78,0,15,22,31,70,80,51,62,44,43,,,,,,,,,,,,,,,,,,,,,,,,,,,73,73,29,33,0,15,0,15,0,15
14000US42101017800,"Census Tract 178, Philadelphia, PA",2048,178,562,170,140,75,296,135,225,107,146,103,205,122,117,78,82,85,51,54,23,29,49,40,,,,,,,,,,,,,,,,,,,,,,,,,,,109,91,31,50,0,15,12,18,0,15
14000US42101017900,"Census Tract 179, Philadelphia, PA",2057,159,367,153,213,83,386,187,72,49,146,128,87,90,99,101,104,76,0,15,149,113,120,94,,,,,,,,,,,,,,,,,,,,,,,,,,,267,146,0,15,28,34,0,15,19,31
14000US42101018001,"Census Tract 180.01, Philadelphia, PA",1016,90,153,92,31,38,35,35,179,124,91,87,29,39,143,93,69,73,20,32,47,49,46,41,,,,,,,,,,,,,,,,,,,,,,,,,,,104,72,69,54,0,10,0,10,0,10
14000US42101018002,"Census Tract 180.02, Philadelphia, PA",2159,173,214,109,228,140,150,76,221,115,115,68,153,101,105,88,187,107,0,10,107,61,230,92,,,,,,,,,,,,,,,,,,,,,,,,,,,193,80,147,80,18,28,38,42,53,65
14000US42101018300,"Census Tract 183, Philadelphia, PA",1607,67,201,98,108,58,60,39,59,37,99,41,108,50,87,59,88,74,96,69,140,78,215,84,,,,,,,,,,,,,,,,,,,,,,,,,,,158,74,69,44,80,56,29,25,10,15
14000US42101018400,"Census Tract 184, Philadelphia, PA",835,50,75,68,66,48,30,26,84,58,18,21,35,33,50,34,68,44,85,55,50,46,102,56,,,,,,,,,,,,,,,,,,,,,,,,,,,64,38,55,41,10,12,43,33,0,10
14000US42101018800,"Census Tract 188, Philadelphia, PA",2515,181,691,210,386,179,99,72,121,77,148,89,94,78,183,135,91,88,174,110,127,94,181,117,,,,,,,,,,,,,,,,,,,,,,,,,,,116,78,33,37,71,73,0,15,0,15
14000US42101019000,"Census Tract 190, Philadelphia, PA",2411,150,423,147,164,103,310,152,170,123,316,147,141,104,105,68,159,100,74,70,179,105,227,96,,,,,,,,,,,,,,,,,,,,,,,,,,,100,81,34,38,0,15,9,17,0,15
14000US42101019100,"Census Tract 191, Philadelphia, PA",2636,131,423,148,286,115,169,88,171,110,287,144,54,54,138,90,118,82,154,92,218,109,297,120,,,,,,,,,,,,,,,,,,,,,,,,,,,212,100,68,56,30,32,0,15,11,17
14000US42101019200,"Census Tract 192, Philadelphia, PA",2529,172,567,170,440,168,219,123,146,100,101,77,186,117,107,82,44,42,131,92,253,122,256,156,,,,,,,,,,,,,,,,,,,,,,,,,,,8,18,43,45,0,15,28,42,0,15
14000US42101019501,"Census Tract 195.01, Philadelphia, PA",1555,138,614,157,271,117,126,68,121,73,42,44,19,33,19,33,12,18,0,10,207,84,31,42,,,,,,,,,,,,,,,,,,,,,,,,,,,57,71,27,44,9,15,0,10,0,10
14000US42101019502,"Census Tract 195.02, Philadelphia, PA",1226,120,393,129,186,124,125,86,21,27,74,74,96,81,0,10,171,92,0,10,56,63,0,10,,,,,,,,,,,,,,,,,,,,,,,,,,,48,74,33,36,23,32,0,10,0,10
14000US42101019700,"Census Tract 197, Philadelphia, PA",2259,130,456,164,347,155,267,117,205,109,116,77,163,110,126,96,60,56,0,15,117,86,158,109,,,,,,,,,,,,,,,,,,,,,,,,,,,160,114,25,28,0,15,38,59,21,29
14000US42101019800,"Census Tract 198, Philadelphia, PA",1856,138,461,143,134,68,222,102,286,96,138,80,122,53,87,61,104,74,21,26,96,57,37,33,,,,,,,,,,,,,,,,,,,,,,,,,,,37,45,91,76,11,17,0,15,9,14
14000US42101019900,"Census Tract 199, Philadelphia, PA",1403,144,361,117,168,91,185,108,140,86,115,82,83,52,73,69,53,49,59,64,37,42,58,59,,,,,,,,,,,,,,,,,,,,,,,,,,,47,50,24,31,0,10,0,10,0,10
14000US42101020000,"Census Tract 200, Philadelphia, PA",569,91,103,65,75,54,22,22,18,31,73,61,50,48,22,25,124,94,15,20,19,30,20,20,,,,,,,,,,,,,,,,,,,,,,,,,,,10,17,0,10,18,21,0,10,0,10
14000US42101020101,"Census Tract 201.01, Philadelphia, PA",1519,151,274,132,317,136,117,94,51,38,56,47,143,114,80,63,164,96,80,65,19,32,95,70,,,,,,,,,,,,,,,,,,,,,,,,,,,74,74,9,17,0,10,0,10,40,47
14000US42101020102,"Census Tract 201.02, Philadelphia, PA",1347,124,255,149,99,81,78,69,139,82,17,29,187,114,0,10,119,91,16,27,208,127,79,42,,,,,,,,,,,,,,,,,,,,,,,,,,,86,65,58,62,0,10,0,10,6,16
14000US42101020200,"Census Tract 202, Philadelphia, PA",1947,201,447,184,306,142,156,106,168,104,137,107,104,77,152,105,77,58,36,33,42,40,131,109,,,,,,,,,,,,,,,,,,,,,,,,,,,67,61,26,40,73,85,25,42,0,15
14000US42101020300,"Census Tract 203, Philadelphia, PA",1084,118,223,95,173,85,47,36,75,51,112,50,78,34,95,66,67,44,33,41,78,52,35,32,,,,,,,,,,,,,,,,,,,,,,,,,,,10,16,40,50,18,23,0,10,0,10
14000US42101020400,"Census Tract 204, Philadelphia, PA",1117,109,214,109,93,55,75,45,69,59,72,56,142,87,79,61,79,59,30,31,63,49,99,64,,,,,,,,,,,,,,,,,,,,,,,,,,,47,57,15,22,29,45,0,10,11,17
14000US42101020500,"Census Tract 205, Philadelphia, PA",1204,119,339,118,100,66,155,97,85,75,54,49,56,40,13,22,51,46,54,57,116,60,95,61,,,,,,,,,,,,,,,,,,,,,,,,,,,13,25,33,40,40,44,0,10,0,10
14000US42101020600,"Census Tract 206, Philadelphia, PA",906,71,145,65,43,31,60,78,16,15,60,46,80,42,14,15,24,25,20,28,39,31,140,68,,,,,,,,,,,,,,,,,,,,,,,,,,,40,29,38,26,34,29,69,42,84,47
14000US42101020700,"Census Tract 207, Philadelphia, PA",2280,186,38,41,98,81,150,111,34,38,131,114,71,53,71,63,98,74,217,136,112,71,288,110,,,,,,,,,,,,,,,,,,,,,,,,,,,328,132,290,116,228,117,44,34,82,54
14000US42101020800,"Census Tract 208, Philadelphia, PA",1077,97,200,84,72,56,75,58,27,25,87,67,39,44,84,58,44,39,41,35,82,57,92,70,,,,,,,,,,,,,,,,,,,,,,,,,,,124,64,59,55,13,22,0,10,38,33
14000US42101020900,"Census Tract 209, Philadelphia, PA",1233,115,103,70,39,36,90,68,60,52,70,66,46,35,18,23,115,76,16,18,53,38,194,95,,,,,,,,,,,,,,,,,,,,,,,,,,,162,62,9,14,112,57,93,50,53,44
14000US42101021000,"Census Tract 210, Philadelphia, PA",2167,178,144,96,151,106,106,89,84,66,21,32,140,112,29,35,65,55,93,68,204,91,241,117,,,,,,,,,,,,,,,,,,,,,,,,,,,319,152,216,107,120,70,213,127,21,33
14000US42101021100,"Census Tract 211, Philadelphia, PA",1001,126,80,55,19,29,43,48,19,26,0,10,0,10,20,21,70,47,52,40,123,84,108,52,,,,,,,,,,,,,,,,,,,,,,,,,,,159,69,118,71,44,35,129,62,17,18
14000US42101021200,"Census Tract 212, Philadelphia, PA",922,93,102,58,31,29,40,54,23,22,23,20,70,52,25,24,33,29,29,27,61,56,95,61,,,,,,,,,,,,,,,,,,,,,,,,,,,120,47,112,54,109,51,32,33,17,19
14000US42101021300,"Census Tract 213, Philadelphia, PA",1427,88,47,47,101,67,70,46,120,74,9,15,76,50,54,40,25,24,37,40,210,69,188,69,,,,,,,,,,,,,,,,,,,,,,,,,,,298,95,76,40,68,43,25,30,23,26
14000US42101021400,"Census Tract 214, Philadelphia, PA",1444,124,115,58,81,66,79,51,79,57,50,43,50,33,49,49,46,33,8,13,171,64,260,110,,,,,,,,,,,,,,,,,,,,,,,,,,,149,71,121,52,34,29,124,68,28,24
14000US42101021500,"Census Tract 215, Philadelphia, PA",1585,120,49,50,48,36,83,68,48,32,33,29,33,32,98,49,76,65,13,16,197,87,207,85,,,,,,,,,,,,,,,,,,,,,,,,,,,283,82,184,60,72,45,100,52,61,58
14000US42101021600,"Census Tract 216, Philadelphia, PA",887,80,84,82,96,72,44,39,45,35,17,15,34,28,19,20,54,52,65,55,24,26,123,64,,,,,,,,,,,,,,,,,,,,,,,,,,,124,55,65,33,47,33,14,20,32,31
14000US42101021700,"Census Tract 217, Philadelphia, PA",2378,106,68,59,92,70,80,45,51,36,61,44,131,97,114,82,145,78,101,74,203,107,388,132,,,,,,,,,,,,,,,,,,,,,,,,,,,310,118,196,87,111,65,204,95,123,95
14000US42101021800,"Census Tract 218, Philadelphia, PA",1924,189,266,101,11,20,53,49,54,51,103,56,52,51,26,32,188,116,123,71,215,125,294,115,,,,,,,,,,,,,,,,,,,,,,,,,,,233,98,75,67,92,80,95,67,44,58
14000US42101021900,"Census Tract 219, Philadelphia, PA",708,24,54,50,54,49,14,13,17,16,0,10,18,18,31,27,25,25,42,29,36,26,49,32,,,,,,,,,,,,,,,,,,,,,,,,,,,135,82,58,40,118,46,43,29,14,12
14000US42101022000,"Census Tract 220, Philadelphia, PA",714,49,37,27,10,12,47,49,15,20,48,33,21,24,8,13,42,37,32,28,61,34,41,25,,,,,,,,,,,,,,,,,,,,,,,,,,,54,34,96,54,75,42,78,33,49,29
14000US42101023100,"Census Tract 231, Philadelphia, PA",541,23,0,10,0,10,46,41,30,29,5,9,0,10,9,14,14,16,0,10,54,38,37,23,,,,,,,,,,,,,,,,,,,,,,,,,,,48,32,57,36,55,32,44,40,142,49
14000US42101023500,"Census Tract 235, Philadelphia, PA",560,35,47,49,0,10,10,12,0,10,16,19,15,18,59,54,47,41,20,15,24,29,29,22,,,,,,,,,,,,,,,,,,,,,,,,,,,135,65,36,29,15,21,12,14,95,43
14000US42101023600,"Census Tract 236, Philadelphia, PA",1174,60,32,35,29,31,15,25,99,101,13,21,25,29,43,41,41,36,34,38,49,36,125,71,,,,,,,,,,,,,,,,,,,,,,,,,,,161,111,101,66,87,50,126,62,194,73
14000US42101023700,"Census Tract 237, Philadelphia, PA",2290,145,244,104,107,121,178,101,143,95,0,10,298,138,97,93,102,69,15,29,162,100,198,136,,,,,,,,,,,,,,,,,,,,,,,,,,,407,171,102,69,100,68,33,38,104,71
14000US42101023800,"Census Tract 238, Philadelphia, PA",2141,192,184,122,170,117,284,160,256,137,112,73,128,94,150,114,34,42,76,61,221,107,103,84,,,,,,,,,,,,,,,,,,,,,,,,,,,136,70,104,90,46,45,73,51,64,63
14000US42101023900,"Census Tract 239, Philadelphia, PA",1039,117,107,62,143,60,77,60,22,23,204,88,25,32,93,85,43,28,102,50,116,71,23,32,,,,,,,,,,,,,,,,,,,,,,,,,,,57,51,27,27,0,10,0,10,0,10
14000US42101024000,"Census Tract 240, Philadelphia, PA",1794,153,294,107,255,117,96,83,72,53,109,80,100,82,41,36,66,50,12,21,66,38,276,118,,,,,,,,,,,,,,,,,,,,,,,,,,,129,73,71,44,63,46,52,42,92,63
14000US42101024100,"Census Tract 241, Philadelphia, PA",587,79,241,68,131,53,51,44,28,28,19,21,21,31,12,15,15,17,0,10,12,16,8,10,,,,,,,,,,,,,,,,,,,,,,,,,,,34,33,15,16,0,10,0,10,0,10
14000US42101024200,"Census Tract 242, Philadelphia, PA",1543,136,395,120,94,75,104,83,155,85,80,63,205,106,49,49,24,38,8,14,131,52,100,80,,,,,,,,,,,,,,,,,,,,,,,,,,,64,38,55,58,17,23,62,55,0,10
14000US42101024300,"Census Tract 243, Philadelphia, PA",1791,106,243,110,183,85,152,92,130,80,127,83,80,68,105,73,35,52,50,40,166,82,153,88,,,,,,,,,,,,,,,,,,,,,,,,,,,106,67,132,82,52,52,34,35,43,43
14000US42101024400,"Census Tract 244, Philadelphia, PA",984,148,197,104,66,72,89,62,10,15,59,46,128,101,54,65,20,33,71,64,80,54,117,79,,,,,,,,,,,,,,,,,,,,,,,,,,,74,79,0,10,12,19,7,14,0,10
14000US42101024500,"Census Tract 245, Philadelphia, PA",1401,135,362,103,122,62,76,65,55,32,78,55,117,73,60,53,63,53,82,54,82,69,90,53,,,,,,,,,,,,,,,,,,,,,,,,,,,144,81,9,15,28,30,7,11,26,26
14000US42101024600,"Census Tract 246, Philadelphia, PA",1175,108,261,91,191,98,160,94,79,63,20,23,100,87,66,68,27,31,7,11,25,22,46,45,,,,,,,,,,,,,,,,,,,,,,,,,,,119,84,52,52,8,12,14,18,0,10
14000US42101024700,"Census Tract 247, Philadelphia, PA",1452,148,294,113,210,101,174,99,102,62,154,82,76,56,80,72,39,34,18,23,99,73,32,31,,,,,,,,,,,,,,,,,,,,,,,,,,,133,82,11,18,19,29,11,18,0,10
14000US42101024800,"Census Tract 248, Philadelphia, PA",734,66,178,89,19,21,22,20,23,31,47,34,62,70,49,33,77,46,35,45,111,69,40,37,,,,,,,,,,,,,,,,,,,,,,,,,,,25,26,24,29,22,34,0,10,0,10
14000US42101024900,"Census Tract 249, Philadelphia, PA",1067,112,98,86,106,55,94,75,152,70,71,40,48,35,30,27,57,51,37,31,153,82,167,86,,,,,,,,,,,,,,,,,,,,,,,,,,,54,34,0,10,0,10,0,10,0,10
14000US42101025200,"Census Tract 252, Philadelphia, PA",2721,214,397,187,133,87,137,109,280,125,210,133,255,144,98,97,237,141,63,57,207,137,228,141,,,,,,,,,,,,,,,,,,,,,,,,,,,303,144,22,29,91,71,60,84,0,15
14000US42101025300,"Census Tract 253, Philadelphia, PA",1543,143,205,120,221,107,60,39,196,98,38,29,93,66,69,59,52,38,62,51,89,50,112,64,,,,,,,,,,,,,,,,,,,,,,,,,,,149,72,160,83,37,51,0,10,0,10
14000US42101025400,"Census Tract 254, Philadelphia, PA",1897,112,179,99,145,101,130,56,10,16,115,85,86,57,49,34,113,81,61,49,179,92,178,74,,,,,,,,,,,,,,,,,,,,,,,,,,,209,93,166,71,97,73,144,80,36,34
14000US42101025500,"Census Tract 255, Philadelphia, PA",1096,73,57,53,17,21,70,58,36,45,29,23,60,38,31,29,0,10,48,37,93,64,95,41,,,,,,,,,,,,,,,,,,,,,,,,,,,144,72,53,37,123,71,130,70,110,47
14000US42101025600,"Census Tract 256, Philadelphia, PA",1107,84,65,48,75,56,31,31,55,38,7,13,36,55,12,20,54,40,23,26,82,53,185,79,,,,,,,,,,,,,,,,,,,,,,,,,,,148,55,90,46,82,54,121,57,41,29
14000US42101025700,"Census Tract 257, Philadelphia, PA",1653,168,57,37,112,100,40,37,85,63,15,22,65,39,116,81,86,53,88,79,134,82,198,74,,,,,,,,,,,,,,,,,,,,,,,,,,,268,93,84,62,108,51,111,66,86,64
14000US42101025800,"Census Tract 258, Philadelphia, PA",739,56,43,38,4,6,53,42,55,35,33,33,48,42,30,23,38,31,20,16,55,36,98,53,,,,,,,,,,,,,,,,,,,,,,,,,,,52,27,80,43,67,46,38,37,25,31
14000US42101025900,"Census Tract 259, Philadelphia, PA",2002,117,193,121,197,106,49,42,155,91,232,133,88,60,117,87,99,51,155,102,202,91,146,99,,,,,,,,,,,,,,,,,,,,,,,,,,,253,121,73,66,43,48,0,10,0,10
14000US42101026000,"Census Tract 260, Philadelphia, PA",1129,98,147,104,23,27,93,86,30,27,43,30,55,42,70,62,108,110,54,53,115,73,118,71,,,,,,,,,,,,,,,,,,,,,,,,,,,157,69,13,24,63,59,0,10,40,42
14000US42101026100,"Census Tract 261, Philadelphia, PA",1368,82,158,102,61,63,46,48,70,59,39,34,25,23,133,99,47,32,59,40,139,68,157,124,,,,,,,,,,,,,,,,,,,,,,,,,,,199,98,112,66,41,37,63,47,19,27
14000US42101026200,"Census Tract 262, Philadelphia, PA",1864,62,134,98,37,33,95,61,73,62,133,74,119,75,56,57,123,73,160,84,138,71,348,117,,,,,,,,,,,,,,,,,,,,,,,,,,,158,92,155,78,68,34,43,40,24,39
14000US42101026301,"Census Tract 263.01, Philadelphia, PA",1634,65,225,90,31,30,146,90,66,62,56,46,105,74,139,79,93,62,63,49,153,74,194,85,,,,,,,,,,,,,,,,,,,,,,,,,,,208,90,101,65,30,30,24,29,0,10
14000US42101026302,"Census Tract 263.02, Philadelphia, PA",1963,146,62,61,203,124,279,143,165,98,22,36,134,112,96,58,124,92,100,78,157,105,210,99,,,,,,,,,,,,,,,,,,,,,,,,,,,174,93,72,65,37,46,96,76,32,50
14000US42101026400,"Census Tract 264, Philadelphia, PA",2100,147,171,121,254,144,168,140,115,90,97,66,85,54,44,47,130,66,122,90,337,142,141,114,,,,,,,,,,,,,,,,,,,,,,,,,,,193,128,142,97,28,36,73,74,0,15
14000US42101026500,"Census Tract 265, Philadelphia, PA",1697,102,177,92,125,78,85,49,127,81,114,70,65,43,38,38,23,28,190,103,193,92,144,80,,,,,,,,,,,,,,,,,,,,,,,,,,,162,74,205,108,36,32,13,21,0,10
14000US42101026600,"Census Tract 266, Philadelphia, PA",2479,142,272,153,117,77,129,83,58,59,131,77,154,107,139,108,249,143,136,98,312,175,232,143,,,,,,,,,,,,,,,,,,,,,,,,,,,403,183,97,76,26,30,0,15,24,33
14000US42101026700,"Census Tract 267, Philadelphia, PA",2659,139,383,173,317,151,135,100,187,94,160,141,135,80,127,80,169,129,143,106,184,107,335,168,,,,,,,,,,,,,,,,,,,,,,,,,,,162,94,121,87,36,43,21,29,44,43
14000US42101026800,"Census Tract 268, Philadelphia, PA",1949,114,324,115,256,118,139,98,24,24,103,67,112,61,82,68,172,97,82,62,126,90,101,79,,,,,,,,,,,,,,,,,,,,,,,,,,,201,107,182,113,43,44,0,15,2,6
14000US42101026900,"Census Tract 269, Philadelphia, PA",692,51,94,60,59,47,82,53,15,17,37,41,0,10,0,10,46,34,24,24,44,36,43,29,,,,,,,,,,,,,,,,,,,,,,,,,,,130,63,50,36,34,25,13,14,21,16
14000US42101027000,"Census Tract 270, Philadelphia, PA",887,79,94,67,71,65,23,27,50,64,13,14,57,45,29,28,45,44,40,42,86,52,68,44,,,,,,,,,,,,,,,,,,,,,,,,,,,140,63,49,37,49,49,49,38,24,35
14000US42101027100,"Census Tract 271, Philadelphia, PA",994,25,89,56,67,68,50,35,18,22,48,41,79,57,65,61,73,40,63,39,93,55,103,72,,,,,,,,,,,,,,,,,,,,,,,,,,,128,64,62,53,56,43,0,10,0,10
14000US42101027200,"Census Tract 272, Philadelphia, PA",1827,105,84,56,159,93,89,60,155,100,70,51,209,109,27,25,51,37,123,79,251,114,202,85,,,,,,,,,,,,,,,,,,,,,,,,,,,196,75,88,66,50,40,63,59,10,15
14000US42101027300,"Census Tract 273, Philadelphia, PA",2113,104,240,145,130,104,128,96,132,87,168,119,30,52,121,66,143,100,146,85,113,78,173,121,,,,,,,,,,,,,,,,,,,,,,,,,,,227,118,255,111,39,49,24,35,44,53
14000US42101027401,"Census Tract 274.01, Philadelphia, PA",1082,119,185,112,169,106,21,27,131,68,74,56,59,67,104,75,16,25,45,42,96,70,58,46,,,,,,,,,,,,,,,,,,,,,,,,,,,70,58,31,31,0,10,23,38,0,10
14000US42101027402,"Census Tract 274.02, Philadelphia, PA",2330,150,205,124,215,130,266,156,190,125,170,107,173,144,41,41,196,137,102,85,272,127,205,108,,,,,,,,,,,,,,,,,,,,,,,,,,,249,131,46,44,0,15,0,15,0,15
14000US42101027500,"Census Tract 275, Philadelphia, PA",1591,93,224,103,33,34,101,62,97,70,208,93,98,74,20,22,71,55,55,47,199,76,112,80,,,,,,,,,,,,,,,,,,,,,,,,,,,282,107,51,63,8,13,11,17,21,24
14000US42101027600,"Census Tract 276, Philadelphia, PA",1661,73,305,99,213,99,124,86,60,42,96,61,111,65,69,55,89,71,64,55,129,83,88,48,,,,,,,,,,,,,,,,,,,,,,,,,,,137,77,107,62,60,49,9,14,0,10
14000US42101027700,"Census Tract 277, Philadelphia, PA",2057,132,302,113,436,151,132,78,156,91,62,68,102,54,83,70,93,82,102,78,102,69,140,79,,,,,,,,,,,,,,,,,,,,,,,,,,,172,101,90,86,69,60,16,27,0,10
14000US42101027800,"Census Tract 278, Philadelphia, PA",1977,134,180,114,233,137,125,94,165,129,190,105,184,111,69,82,67,74,0,10,161,89,351,164,,,,,,,,,,,,,,,,,,,,,,,,,,,71,54,84,54,82,82,0,10,15,24
14000US42101027901,"Census Tract 279.01, Philadelphia, PA",1396,118,140,72,191,112,81,76,83,54,107,87,148,91,147,104,131,86,78,74,104,89,85,101,,,,,,,,,,,,,,,,,,,,,,,,,,,72,79,29,33,0,10,0,10,0,10
14000US42101027902,"Census Tract 279.02, Philadelphia, PA",933,105,160,86,81,63,106,73,69,65,31,39,49,47,120,107,5,10,91,98,87,67,86,49,,,,,,,,,,,,,,,,,,,,,,,,,,,23,30,25,34,0,10,0,10,0,10
14000US42101028000,"Census Tract 280, Philadelphia, PA",1697,116,355,126,277,116,160,67,108,74,171,78,99,69,99,62,119,70,66,44,72,53,41,33,,,,,,,,,,,,,,,,,,,,,,,,,,,53,49,60,50,11,18,6,11,0,10
14000US42101028100,"Census Tract 281, Philadelphia, PA",1390,78,326,131,151,80,66,55,84,51,42,33,93,49,66,41,110,93,77,59,75,53,87,52,,,,,,,,,,,,,,,,,,,,,,,,,,,171,80,20,21,10,16,0,10,12,19
14000US42101028200,"Census Tract 282, Philadelphia, PA",1969,128,274,93,122,67,173,83,143,83,99,68,110,84,90,59,96,54,67,55,131,73,309,144,,,,,,,,,,,,,,,,,,,,,,,,,,,251,99,71,62,0,15,33,47,0,15
14000US42101028300,"Census Tract 283, Philadelphia, PA",2187,162,411,169,296,141,246,143,162,90,194,138,54,55,107,88,96,85,133,93,104,72,84,69,,,,,,,,,,,,,,,,,,,,,,,,,,,133,66,79,71,30,37,46,64,12,19
14000US42101028400,"Census Tract 284, Philadelphia, PA",1345,101,237,98,160,87,138,83,178,108,58,54,39,28,79,59,52,42,42,33,62,46,176,108,,,,,,,,,,,,,,,,,,,,,,,,,,,80,45,11,16,28,45,5,8,0,10
14000US42101028500,"Census Tract 285, Philadelphia, PA",794,90,205,84,106,56,71,45,4,7,45,37,114,94,31,35,3,5,0,10,87,49,37,35,,,,,,,,,,,,,,,,,,,,,,,,,,,71,71,10,16,0,10,10,16,0,10
14000US42101028600,"Census Tract 286, Philadelphia, PA",2216,180,506,180,220,142,80,67,273,140,150,106,36,42,143,99,174,114,73,58,122,101,228,141,,,,,,,,,,,,,,,,,,,,,,,,,,,133,81,47,74,16,21,15,24,0,15
14000US42101028700,"Census Tract 287, Philadelphia, PA",810,70,237,75,104,69,79,42,47,40,42,33,0,10,28,31,15,16,111,58,28,27,66,57,,,,,,,,,,,,,,,,,,,,,,,,,,,29,33,19,30,5,10,0,10,0,10
14000US42101028800,"Census Tract 288, Philadelphia, PA",1393,87,352,115,76,48,139,68,122,79,113,79,71,50,82,68,71,56,95,69,28,23,100,59,,,,,,,,,,,,,,,,,,,,,,,,,,,95,64,42,29,0,10,0,10,7,11
14000US42101028901,"Census Tract 289.01, Philadelphia, PA",1214,106,112,88,171,98,65,47,107,82,100,84,134,103,107,69,9,15,46,59,108,78,113,66,,,,,,,,,,,,,,,,,,,,,,,,,,,132,83,0,10,0,10,10,21,0,10
14000US42101028902,"Census Tract 289.02, Philadelphia, PA",1830,151,456,166,114,74,86,88,191,117,105,77,85,64,34,32,12,19,161,102,124,71,240,117,,,,,,,,,,,,,,,,,,,,,,,,,,,125,109,42,40,5,12,50,74,0,15
14000US42101029000,"Census Tract 290, Philadelphia, PA",1911,118,298,126,163,90,163,92,145,90,157,75,145,75,88,64,61,53,59,41,112,59,232,105,,,,,,,,,,,,,,,,,,,,,,,,,,,142,86,90,60,22,35,34,41,0,15
14000US42101029100,"Census Tract 291, Philadelphia, PA",1423,97,246,98,101,72,147,88,113,71,208,87,88,78,69,53,40,33,90,54,76,61,106,79,,,,,,,,,,,,,,,,,,,,,,,,,,,76,51,43,35,7,12,13,19,0,10
14000US42101029200,"Census Tract 292, Philadelphia, PA",1221,89,171,104,103,65,51,36,112,82,166,93,98,84,59,52,113,84,24,33,48,40,103,51,,,,,,,,,,,,,,,,,,,,,,,,,,,48,35,71,44,19,22,26,25,9,14
14000US42101029300,"Census Tract 293, Philadelphia, PA",956,144,272,109,80,64,131,78,0,10,104,63,40,35,62,65,15,18,38,36,28,26,78,61,,,,,,,,,,,,,,,,,,,,,,,,,,,58,51,11,18,14,22,25,41,0,10
14000US42101029400,"Census Tract 294, Philadelphia, PA",1208,79,301,121,137,74,100,57,86,72,83,69,169,76,81,73,43,59,55,78,68,61,41,39,,,,,,,,,,,,,,,,,,,,,,,,,,,24,27,20,26,0,10,0,10,0,10
14000US42101029800,"Census Tract 298, Philadelphia, PA",1706,95,320,105,218,90,131,68,211,81,91,56,88,45,85,50,75,53,23,28,223,80,43,32,,,,,,,,,,,,,,,,,,,,,,,,,,,110,54,88,48,0,10,0,10,0,10
14000US42101029900,"Census Tract 299, Philadelphia, PA",1544,87,254,99,262,94,178,74,145,68,143,75,84,42,77,52,36,40,62,49,104,62,101,57,,,,,,,,,,,,,,,,,,,,,,,,,,,84,57,0,10,7,11,0,10,7,11
14000US42101030000,"Census Tract 300, Philadelphia, PA",2630,168,570,176,193,96,214,90,209,93,218,115,66,54,185,104,193,121,66,58,76,56,389,142,,,,,,,,,,,,,,,,,,,,,,,,,,,121,79,16,27,46,50,53,48,15,23
14000US42101030100,"Census Tract 301, Philadelphia, PA",1950,176,286,137,141,89,118,94,152,110,235,143,100,78,131,89,144,95,22,26,250,132,104,64,,,,,,,,,,,,,,,,,,,,,,,,,,,111,71,100,67,34,36,22,28,0,15
14000US42101030200,"Census Tract 302, Philadelphia, PA",2315,186,371,152,74,52,139,98,183,109,206,100,145,78,188,98,107,80,106,90,227,115,153,83,,,,,,,,,,,,,,,,,,,,,,,,,,,138,78,93,72,41,43,111,79,33,37
14000US42101030501,"Census Tract 305.01, Philadelphia, PA",1819,152,261,165,51,50,204,117,73,60,84,69,224,120,63,73,110,87,53,46,196,123,254,103,,,,,,,,,,,,,,,,,,,,,,,,,,,116,96,105,82,0,15,25,37,0,15
14000US42101030502,"Census Tract 305.02, Philadelphia, PA",2028,118,187,97,140,95,352,124,52,42,47,44,70,59,179,91,86,64,96,75,92,61,188,92,,,,,,,,,,,,,,,,,,,,,,,,,,,352,165,111,79,20,25,45,45,11,20
14000US42101030600,"Census Tract 306, Philadelphia, PA",2759,113,284,166,138,88,172,99,371,198,156,114,215,115,63,60,335,169,89,87,176,108,248,128,,,,,,,,,,,,,,,,,,,,,,,,,,,241,103,119,83,46,51,67,57,39,59
14000US42101030700,"Census Tract 307, Philadelphia, PA",1419,118,91,70,176,102,147,77,53,35,55,39,16,17,50,30,104,75,53,39,131,77,248,104,,,,,,,,,,,,,,,,,,,,,,,,,,,143,61,110,74,18,20,24,27,0,10
14000US42101030800,"Census Tract 308, Philadelphia, PA",1697,79,85,54,38,32,77,78,56,36,102,74,96,63,77,54,64,55,95,45,285,115,299,109,,,,,,,,,,,,,,,,,,,,,,,,,,,212,75,104,77,54,39,47,40,6,9
14000US42101030900,"Census Tract 309, Philadelphia, PA",1318,81,114,85,75,58,51,44,103,74,97,52,46,37,191,102,4,9,91,74,105,67,217,97,,,,,,,,,,,,,,,,,,,,,,,,,,,120,68,62,40,11,19,31,35,0,10
14000US42101031000,"Census Tract 310, Philadelphia, PA",2166,122,174,121,16,21,138,93,125,79,103,73,97,61,131,94,140,75,65,63,196,81,154,91,,,,,,,,,,,,,,,,,,,,,,,,,,,342,170,201,136,170,94,73,56,41,55
14000US42101031101,"Census Tract 311.01, Philadelphia, PA",1484,129,234,114,114,83,57,48,147,104,75,54,185,95,74,57,102,96,43,49,87,73,140,85,,,,,,,,,,,,,,,,,,,,,,,,,,,124,99,71,59,31,34,0,10,0,10
14000US42101031102,"Census Tract 311.02, Philadelphia, PA",1457,85,177,100,95,61,71,54,82,80,157,91,181,112,153,116,52,67,115,94,133,89,104,93,,,,,,,,,,,,,,,,,,,,,,,,,,,28,34,73,76,36,37,0,10,0,10
14000US42101031200,"Census Tract 312, Philadelphia, PA",1632,102,276,105,160,94,125,89,122,86,65,54,94,63,29,34,76,43,10,16,156,100,179,99,,,,,,,,,,,,,,,,,,,,,,,,,,,210,125,125,67,5,10,0,10,0,10
14000US42101031300,"Census Tract 313, Philadelphia, PA",2122,118,419,138,227,96,192,119,153,91,117,63,137,83,49,39,183,93,20,24,150,80,118,69,,,,,,,,,,,,,,,,,,,,,,,,,,,196,94,7,14,73,61,36,44,45,46
14000US42101031401,"Census Tract 314.01, Philadelphia, PA",2067,126,161,90,39,40,158,133,154,95,237,141,292,177,65,67,33,49,146,95,163,89,148,98,,,,,,,,,,,,,,,,,,,,,,,,,,,241,109,129,82,86,69,15,25,0,15
14000US42101031402,"Census Tract 314.02, Philadelphia, PA",1777,79,198,82,69,49,231,101,148,91,62,53,153,77,106,78,67,60,83,67,218,93,181,86,,,,,,,,,,,,,,,,,,,,,,,,,,,154,75,85,57,5,9,0,15,17,26
14000US42101031501,"Census Tract 315.01, Philadelphia, PA",2229,121,233,133,96,62,45,40,215,111,148,68,75,92,199,147,43,38,25,26,247,118,369,127,,,,,,,,,,,,,,,,,,,,,,,,,,,269,140,94,59,145,115,14,23,12,19
14000US42101031502,"Census Tract 315.02, Philadelphia, PA",1413,108,137,83,30,35,101,61,137,89,28,42,33,30,66,47,131,86,75,61,193,75,197,85,,,,,,,,,,,,,,,,,,,,,,,,,,,121,74,103,56,48,39,13,19,0,10
14000US42101031600,"Census Tract 316, Philadelphia, PA",2132,90,183,96,10,20,107,57,204,116,251,167,218,187,145,113,74,53,113,83,176,119,119,88,,,,,,,,,,,,,,,,,,,,,,,,,,,242,106,121,89,107,91,33,35,29,46
14000US42101031700,"Census Tract 317, Philadelphia, PA",2148,138,116,75,180,108,105,82,246,122,189,127,10,17,145,100,108,75,52,44,253,120,313,173,,,,,,,,,,,,,,,,,,,,,,,,,,,221,128,130,91,47,47,13,20,20,30
14000US42101031800,"Census Tract 318, Philadelphia, PA",1451,84,108,65,144,75,93,55,78,49,251,117,101,75,74,56,46,40,66,50,161,99,121,63,,,,,,,,,,,,,,,,,,,,,,,,,,,122,54,58,40,28,26,0,10,0,10
14000US42101031900,"Census Tract 319, Philadelphia, PA",1631,114,174,104,148,75,131,63,106,66,83,47,58,43,121,82,151,85,43,38,145,86,173,99,,,,,,,,,,,,,,,,,,,,,,,,,,,178,84,53,39,7,14,44,30,16,17
14000US42101032000,"Census Tract 320, Philadelphia, PA",2538,124,183,137,333,162,60,47,137,82,235,162,226,155,149,97,264,152,21,33,260,117,256,114,,,,,,,,,,,,,,,,,,,,,,,,,,,162,102,102,67,95,86,55,42,0,15
14000US42101032100,"Census Tract 321, Philadelphia, PA",1421,92,181,96,39,31,126,74,104,66,57,35,135,74,124,81,110,67,76,67,119,78,97,56,,,,,,,,,,,,,,,,,,,,,,,,,,,140,77,75,43,38,47,0,10,0,10
14000US42101032300,"Census Tract 323, Philadelphia, PA",1323,101,205,94,121,65,45,35,50,37,164,78,82,44,84,53,62,46,91,48,190,74,69,44,,,,,,,,,,,,,,,,,,,,,,,,,,,109,53,51,41,0,10,0,10,0,10
14000US42101032500,"Census Tract 325, Philadelphia, PA",2094,130,192,97,198,93,116,77,133,71,165,102,234,104,193,103,126,77,130,102,206,96,105,56,,,,,,,,,,,,,,,,,,,,,,,,,,,158,63,92,48,22,24,24,30,0,15
14000US42101032600,"Census Tract 326, Philadelphia, PA",2366,184,365,168,151,107,146,70,131,96,113,76,153,93,131,80,72,49,35,36,275,141,176,94,,,,,,,,,,,,,,,,,,,,,,,,,,,356,133,141,89,88,89,17,23,16,26
14000US42101032900,"Census Tract 329, Philadelphia, PA",1661,126,139,74,240,106,152,91,74,48,106,81,111,66,123,69,99,60,27,28,155,68,183,74,,,,,,,,,,,,,,,,,,,,,,,,,,,173,77,13,20,31,30,35,29,0,10
14000US42101033000,"Census Tract 330, Philadelphia, PA",2668,127,355,174,163,94,166,84,228,113,43,42,151,107,240,133,121,73,126,96,281,127,196,83,,,,,,,,,,,,,,,,,,,,,,,,,,,401,127,80,53,83,77,34,37,0,15
14000US42101033101,"Census Tract 331.01, Philadelphia, PA",1837,101,112,83,11,17,45,42,153,107,113,67,127,80,59,58,82,71,80,69,222,123,354,147,,,,,,,,,,,,,,,,,,,,,,,,,,,230,95,142,75,70,47,30,29,7,12
14000US42101033102,"Census Tract 331.02, Philadelphia, PA",1677,108,100,59,109,78,154,95,121,72,77,53,152,114,59,46,42,37,196,138,127,76,154,90,,,,,,,,,,,,,,,,,,,,,,,,,,,209,145,52,53,78,66,20,23,27,29
14000US42101033200,"Census Tract 332, Philadelphia, PA",903,62,87,62,66,43,36,34,26,21,31,23,18,19,31,23,61,38,45,33,85,49,77,42,,,,,,,,,,,,,,,,,,,,,,,,,,,123,50,86,51,68,38,53,44,10,11
14000US42101033300,"Census Tract 333, Philadelphia, PA",1726,73,169,96,158,97,65,43,156,74,63,38,126,67,64,37,111,68,46,34,117,72,184,95,,,,,,,,,,,,,,,,,,,,,,,,,,,209,66,150,69,49,60,59,41,0,10
14000US42101033400,"Census Tract 334, Philadelphia, PA",1973,84,205,94,172,77,166,67,95,68,84,48,133,68,65,63,155,92,117,66,137,80,258,91,,,,,,,,,,,,,,,,,,,,,,,,,,,193,90,139,92,30,27,15,19,9,15
14000US42101033500,"Census Tract 335, Philadelphia, PA",1289,119,57,65,51,35,90,72,95,66,59,37,27,25,47,38,46,44,42,47,200,78,154,68,,,,,,,,,,,,,,,,,,,,,,,,,,,182,74,107,83,58,45,62,66,12,18
14000US42101033600,"Census Tract 336, Philadelphia, PA",2665,163,346,163,63,53,68,75,190,117,102,77,132,66,123,81,173,108,87,87,239,138,254,112,,,,,,,,,,,,,,,,,,,,,,,,,,,381,122,210,109,111,68,146,91,40,56
14000US42101033701,"Census Tract 337.01, Philadelphia, PA",2096,164,451,162,278,147,117,96,87,82,189,112,90,79,32,38,29,32,84,93,221,117,119,72,,,,,,,,,,,,,,,,,,,,,,,,,,,175,105,38,56,110,104,45,61,31,46
14000US42101033702,"Census Tract 337.02, Philadelphia, PA",1925,91,66,92,95,68,74,52,13,22,132,78,101,70,65,63,35,34,84,61,175,98,230,94,,,,,,,,,,,,,,,,,,,,,,,,,,,360,122,278,123,134,77,83,65,0,15
14000US42101033800,"Census Tract 338, Philadelphia, PA",2476,115,173,98,177,77,113,99,197,95,270,126,88,67,149,117,122,101,231,126,113,64,204,102,,,,,,,,,,,,,,,,,,,,,,,,,,,295,116,165,98,58,42,49,42,72,74
14000US42101033900,"Census Tract 339, Philadelphia, PA",1201,77,103,66,11,18,100,79,18,20,108,74,56,49,116,62,66,52,69,54,88,50,110,57,,,,,,,,,,,,,,,,,,,,,,,,,,,153,67,103,47,27,23,55,45,18,22
14000US42101034000,"Census Tract 340, Philadelphia, PA",1084,17,49,43,25,27,125,80,23,20,34,33,62,47,35,32,64,43,60,37,97,56,113,61,,,,,,,,,,,,,,,,,,,,,,,,,,,102,49,107,62,126,63,27,25,35,30
14000US42101034100,"Census Tract 341, Philadelphia, PA",2367,149,130,79,129,84,53,41,216,109,173,103,124,103,128,77,109,75,92,63,251,114,308,91,,,,,,,,,,,,,,,,,,,,,,,,,,,333,140,107,75,88,50,114,76,12,21
14000US42101034200,"Census Tract 342, Philadelphia, PA",1492,85,41,40,89,58,91,44,116,54,58,36,107,54,151,75,107,46,67,41,112,63,139,81,,,,,,,,,,,,,,,,,,,,,,,,,,,227,93,49,32,34,26,69,43,35,31
14000US42101034400,"Census Tract 344, Philadelphia, PA",2534,132,150,105,58,54,104,67,128,70,52,44,159,85,119,82,101,82,112,60,67,49,114,71,,,,,,,,,,,,,,,,,,,,,,,,,,,330,100,313,98,279,120,364,110,84,55
14000US42101034501,"Census Tract 345.01, Philadelphia, PA",1879,80,259,102,245,123,187,132,210,97,233,121,164,81,55,51,140,106,40,49,109,78,83,49,,,,,,,,,,,,,,,,,,,,,,,,,,,99,71,11,17,29,40,0,10,15,23
14000US42101034502,"Census Tract 345.02, Philadelphia, PA",2229,155,206,130,140,76,125,74,204,104,148,120,79,70,188,128,172,93,62,48,215,104,225,133,,,,,,,,,,,,,,,,,,,,,,,,,,,296,160,86,66,40,46,43,46,0,10
14000US42101034600,"Census Tract 346, Philadelphia, PA",1204,74,78,56,163,81,56,40,87,49,73,55,105,61,63,54,81,49,74,50,72,43,104,64,,,,,,,,,,,,,,,,,,,,,,,,,,,122,60,106,58,0,10,20,25,0,10
14000US42101034701,"Census Tract 347.01, Philadelphia, PA",2395,116,225,111,97,67,107,73,107,76,102,77,85,55,196,157,62,45,64,60,209,98,254,129,,,,,,,,,,,,,,,,,,,,,,,,,,,333,131,391,124,145,92,18,30,0,15
14000US42101034702,"Census Tract 347.02, Philadelphia, PA",1445,23,18,22,89,60,41,33,8,13,133,90,76,54,58,39,111,62,48,44,103,61,192,91,,,,,,,,,,,,,,,,,,,,,,,,,,,230,73,116,56,65,39,88,66,69,41
14000US42101034801,"Census Tract 348.01, Philadelphia, PA",1921,81,81,44,80,51,107,46,151,67,185,108,151,63,106,53,170,85,79,37,157,72,119,59,,,,,,,,,,,,,,,,,,,,,,,,,,,321,105,144,76,26,24,35,31,9,14
14000US42101034802,"Census Tract 348.02, Philadelphia, PA",2135,127,316,178,165,86,206,114,131,77,114,82,64,53,64,53,67,59,178,129,270,135,177,97,,,,,,,,,,,,,,,,,,,,,,,,,,,189,80,70,54,17,25,86,62,21,23
14000US42101034803,"Census Tract 348.03, Philadelphia, PA",1674,96,81,49,71,50,40,28,55,44,72,54,89,50,146,82,107,63,38,43,135,56,235,100,,,,,,,,,,,,,,,,,,,,,,,,,,,264,88,88,46,102,50,79,42,72,39
14000US42101034900,"Census Tract 349, Philadelphia, PA",2150,175,316,152,150,105,80,69,166,90,110,88,160,108,62,64,132,80,41,47,208,99,228,174,,,,,,,,,,,,,,,,,,,,,,,,,,,327,104,86,57,24,27,60,58,0,15
14000US42101035100,"Census Tract 351, Philadelphia, PA",2011,146,83,54,126,79,102,86,196,113,160,76,59,50,202,135,123,89,48,39,244,104,162,103,,,,,,,,,,,,,,,,,,,,,,,,,,,221,88,102,78,78,52,52,44,53,52
14000US42101035200,"Census Tract 352, Philadelphia, PA",1663,95,107,61,48,58,77,52,90,53,42,36,55,41,85,58,16,17,53,39,109,65,108,57,,,,,,,,,,,,,,,,,,,,,,,,,,,266,97,273,85,172,81,104,47,58,36
14000US42101035301,"Census Tract 353.01, Philadelphia, PA",1993,48,91,69,102,51,99,65,51,34,105,53,50,35,48,36,62,45,122,67,113,52,368,114,,,,,,,,,,,,,,,,,,,,,,,,,,,435,116,224,83,69,52,42,34,12,19
14000US42101035302,"Census Tract 353.02, Philadelphia, PA",1888,76,136,67,117,53,102,40,108,64,84,41,57,53,103,57,51,40,42,34,194,88,113,67,,,,,,,,,,,,,,,,,,,,,,,,,,,425,148,153,70,69,41,116,72,18,19
14000US42101035500,"Census Tract 355, Philadelphia, PA",2914,101,423,166,119,90,58,42,63,49,235,95,135,71,116,72,144,93,128,67,229,127,254,114,,,,,,,,,,,,,,,,,,,,,,,,,,,457,139,311,117,130,71,68,48,44,39
14000US42101035601,"Census Tract 356.01, Philadelphia, PA",2362,99,237,108,177,103,146,102,93,51,95,68,171,98,69,58,137,69,79,57,228,118,201,85,,,,,,,,,,,,,,,,,,,,,,,,,,,232,97,254,120,109,73,69,62,65,59
14000US42101035602,"Census Tract 356.02, Philadelphia, PA",1239,68,92,83,35,33,55,44,32,36,87,79,0,10,10,16,33,42,0,10,212,108,163,89,,,,,,,,,,,,,,,,,,,,,,,,,,,117,61,95,54,99,61,85,61,124,67
14000US42101035701,"Census Tract 357.01, Philadelphia, PA",1934,99,292,127,104,64,108,60,113,76,118,73,139,86,144,86,108,84,121,85,177,96,213,112,,,,,,,,,,,,,,,,,,,,,,,,,,,169,98,85,60,21,26,13,22,9,15
14000US42101035702,"Census Tract 357.02, Philadelphia, PA",1639,88,200,107,117,61,106,64,87,64,106,71,73,66,87,75,115,72,104,97,102,78,185,103,,,,,,,,,,,,,,,,,,,,,,,,,,,264,124,37,36,26,29,30,33,0,10
14000US42101035800,"Census Tract 358, Philadelphia, PA",2256,96,136,82,95,74,89,80,55,54,142,86,79,88,74,55,121,71,175,126,220,118,96,61,,,,,,,,,,,,,,,,,,,,,,,,,,,351,118,182,104,239,122,155,89,47,44
14000US42101035900,"Census Tract 359, Philadelphia, PA",2089,90,209,87,136,50,152,77,150,93,44,41,57,45,126,103,91,76,134,91,154,76,170,83,,,,,,,,,,,,,,,,,,,,,,,,,,,246,140,130,67,97,86,124,73,69,54
14000US42101036000,"Census Tract 360, Philadelphia, PA",1032,100,154,91,70,51,68,36,84,42,27,24,7,12,21,25,42,40,50,37,61,40,115,61,,,,,,,,,,,,,,,,,,,,,,,,,,,187,72,36,28,37,30,30,31,43,38
14000US42101036100,"Census Tract 361, Philadelphia, PA",1513,88,39,34,33,41,100,79,79,46,168,128,48,40,65,59,110,78,21,23,121,76,236,103,,,,,,,,,,,,,,,,,,,,,,,,,,,256,99,151,89,25,28,61,51,0,10
14000US42101036201,"Census Tract 362.01, Philadelphia, PA",1987,105,15,28,51,42,81,49,54,58,118,61,150,83,162,98,81,61,149,108,300,128,336,115,,,,,,,,,,,,,,,,,,,,,,,,,,,278,125,68,52,75,56,69,52,0,10
14000US42101036202,"Census Tract 362.02, Philadelphia, PA",2247,109,41,39,65,52,47,43,197,123,87,55,83,59,128,78,77,53,60,55,166,84,282,105,,,,,,,,,,,,,,,,,,,,,,,,,,,329,118,413,154,127,65,113,80,32,38
14000US42101036203,"Census Tract 362.03, Philadelphia, PA",1806,84,90,60,189,88,78,49,133,97,89,48,30,27,9,15,132,80,108,82,65,38,207,74,,,,,,,,,,,,,,,,,,,,,,,,,,,288,108,94,51,115,53,101,51,78,41
14000US42101036301,"Census Tract 363.01, Philadelphia, PA",1284,71,45,43,10,17,32,32,118,66,38,39,45,35,66,39,158,75,52,36,159,67,132,72,,,,,,,,,,,,,,,,,,,,,,,,,,,130,56,112,54,108,64,22,21,57,36
14000US42101036302,"Census Tract 363.02, Philadelphia, PA",1236,97,10,16,54,50,62,54,146,88,20,23,45,30,112,82,43,31,13,20,56,34,219,110,,,,,,,,,,,,,,,,,,,,,,,,,,,287,88,41,29,49,32,73,60,6,9
14000US42101036303,"Census Tract 363.03, Philadelphia, PA",2335,96,90,62,56,46,10,17,160,91,106,52,109,84,98,81,157,107,137,92,240,134,354,120,,,,,,,,,,,,,,,,,,,,,,,,,,,391,123,197,75,115,68,64,56,51,44
14000US42101036400,"Census Tract 364, Philadelphia, PA",53,18,0,10,0,10,0,10,0,10,0,10,9,14,4,6,0,10,4,6,0,10,3,6,,,,,,,,,,,,,,,,,,,,,,,,,,,3,7,4,6,9,10,4,6,13,14
14000US42101036501,"Census Tract 365.01, Philadelphia, PA",2218,128,179,100,241,149,116,104,64,50,95,110,140,100,0,15,108,57,146,72,69,72,172,116,,,,,,,,,,,,,,,,,,,,,,,,,,,305,142,53,47,255,106,142,81,133,92
14000US42101036502,"Census Tract 365.02, Philadelphia, PA",1387,67,58,39,11,19,8,14,33,53,47,34,77,63,61,50,24,29,47,55,167,86,117,73,,,,,,,,,,,,,,,,,,,,,,,,,,,267,106,192,83,132,73,109,76,37,38
14000US42101036600,"Census Tract 366, Philadelphia, PA",842,119,13,15,8,12,0,10,0,10,16,24,9,15,0,10,8,14,14,16,20,22,109,67,,,,,,,,,,,,,,,,,,,,,,,,,,,95,65,120,66,104,57,155,71,171,63
14000US42101036700,"Census Tract 367, Philadelphia, PA",1205,129,12,14,43,33,29,23,8,12,46,46,6,9,25,23,63,47,10,15,146,79,119,55,,,,,,,,,,,,,,,,,,,,,,,,,,,236,76,101,52,114,53,76,43,171,65
14000US42101036900,"Census Tract 369, Philadelphia, PA",592,79,178,75,17,19,32,30,0,15,31,25,27,25,0,15,10,10,22,23,31,28,59,41,,,,,,,,,,,,,,,,,,,,,,,,,,,32,32,22,17,18,20,68,46,45,32
14000US42101037200,"Census Tract 372, Philadelphia, PA",1706,79,101,55,155,62,116,58,153,71,63,46,23,23,119,86,91,72,69,39,152,68,252,87,,,,,,,,,,,,,,,,,,,,,,,,,,,180,67,69,41,66,45,26,27,71,55
14000US42101037300,"Census Tract 373, Philadelphia, PA",2252,153,120,78,86,54,148,69,156,68,96,46,177,116,132,69,147,72,112,86,104,52,285,104,,,,,,,,,,,,,,,,,,,,,,,,,,,171,79,193,81,92,59,165,77,68,46
14000US42101037500,"Census Tract 375, Philadelphia, PA",1532,84,202,90,32,29,94,54,56,51,59,48,30,25,65,51,43,33,43,27,85,44,149,69,,,,,,,,,,,,,,,,,,,,,,,,,,,190,91,208,76,47,44,98,51,131,52
14000US42101037600,"Census Tract 376, Philadelphia, PA",963,90,81,48,65,36,37,29,60,43,32,42,53,39,43,43,10,9,74,56,93,56,172,87,,,,,,,,,,,,,,,,,,,,,,,,,,,34,26,120,57,32,45,5,13,52,52
14000US42101037700,"Census Tract 377, Philadelphia, PA",1189,123,359,103,199,88,133,76,72,55,13,16,67,56,10,11,69,47,57,59,55,38,8,12,,,,,,,,,,,,,,,,,,,,,,,,,,,113,66,32,33,2,5,0,15,0,15
14000US42101037800,"Census Tract 378, Philadelphia, PA",914,119,122,80,118,66,55,42,32,30,11,18,29,27,67,57,20,26,38,34,64,43,115,52,,,,,,,,,,,,,,,,,,,,,,,,,,,116,66,55,39,43,42,0,10,29,43
14000US42101037900,"Census Tract 379, Philadelphia, PA",1920,161,250,112,214,116,158,84,64,46,245,143,72,67,80,68,66,58,78,49,173,88,157,83,,,,,,,,,,,,,,,,,,,,,,,,,,,213,105,84,57,36,28,21,27,9,16
14000US42101038000,"Census Tract 380, Philadelphia, PA",808,62,57,34,85,49,67,40,69,43,59,44,29,26,30,23,45,36,37,22,62,35,190,79,,,,,,,,,,,,,,,,,,,,,,,,,,,19,20,50,32,9,14,0,10,0,10
14000US42101038100,"Census Tract 381, Philadelphia, PA",247,36,69,27,9,12,20,16,25,23,34,28,15,15,8,13,5,9,0,10,7,9,45,34,,,,,,,,,,,,,,,,,,,,,,,,,,,8,10,2,5,0,10,0,10,0,10
14000US42101038200,"Census Tract 382, Philadelphia, PA",909,83,129,66,128,69,96,47,48,29,114,77,46,31,40,37,36,28,29,33,67,39,62,43,,,,,,,,,,,,,,,,,,,,,,,,,,,95,47,19,30,0,10,0,10,0,10
14000US42101038300,"Census Tract 383, Philadelphia, PA",912,85,278,102,130,65,41,35,46,32,78,39,61,42,39,42,64,48,11,18,1,8,91,57,,,,,,,,,,,,,,,,,,,,,,,,,,,19,20,53,43,0,10,0,10,0,10
14000US42101038400,"Census Tract 384, Philadelphia, PA",896,61,62,39,19,18,40,37,9,15,49,28,41,34,43,43,28,21,5,7,48,35,100,57,,,,,,,,,,,,,,,,,,,,,,,,,,,82,40,97,46,31,24,151,58,91,36
14000US42101038500,"Census Tract 385, Philadelphia, PA",826,63,33,25,23,17,8,11,0,10,48,31,40,34,9,14,5,8,22,17,61,31,55,31,,,,,,,,,,,,,,,,,,,,,,,,,,,119,57,68,30,48,26,64,36,223,54
14000US42101038600,"Census Tract 386, Philadelphia, PA",603,29,15,17,0,10,18,16,0,10,24,30,66,69,15,22,14,21,18,21,21,18,35,31,,,,,,,,,,,,,,,,,,,,,,,,,,,52,33,57,32,52,30,51,32,165,55
14000US42101038700,"Census Tract 387, Philadelphia, PA",647,58,25,28,17,17,9,15,0,10,15,13,21,19,13,18,42,36,8,9,14,16,73,39,,,,,,,,,,,,,,,,,,,,,,,,,,,70,41,41,29,66,38,69,48,164,51
14000US42101038800,"Census Tract 388, Philadelphia, PA",1668,95,126,74,126,79,57,61,89,53,49,42,19,21,20,22,38,35,103,65,78,59,137,61,,,,,,,,,,,,,,,,,,,,,,,,,,,241,77,179,62,204,89,135,50,67,33
14000US42101038900,"Census Tract 389, Philadelphia, PA",1174,80,117,63,105,78,82,66,61,44,54,52,53,36,54,42,82,41,53,33,156,106,167,77,,,,,,,,,,,,,,,,,,,,,,,,,,,87,59,43,41,41,40,4,6,15,22
14000US42101039000,"Census Tract 390, Philadelphia, PA",2445,183,521,186,128,82,126,88,256,134,104,76,218,113,221,109,85,82,52,43,178,97,255,132,,,,,,,,,,,,,,,,,,,,,,,,,,,127,82,121,68,17,23,25,42,11,21
14000US42101980000,"Census Tract 9800, Philadelphia, PA",133,54,57,47,6,8,5,8,13,20,0,10,4,6,11,17,0,10,0,10,10,11,13,21,,,,,,,,,,,,,,,,,,,,,,,,,,,8,13,0,10,6,9,0,10,0,10
14000US42101980100,"Census Tract 9801, Philadelphia, PA",34,13,0,10,0,10,0,10,10,16,0,10,0,10,0,10,0,10,15,18,3,6,3,6,,,,,,,,,,,,,,,,,,,,,,,,,,,0,10,0,10,0,10,3,6,0,10
14000US42101980200,"Census Tract 9802, Philadelphia, PA",26,15,0,10,0,10,0,10,0,10,4,6,0,10,0,10,3,6,0,10,0,10,0,10,,,,,,,,,,,,,,,,,,,,,,,,,,,3,5,0,10,9,14,0,10,7,8
14000US42101980300,"Census Tract 9803, Philadelphia, PA",0,10,0,10,0,10,0,10,0,10,0,10,0,10,0,10,0,10,0,10,0,10,0,10,,,,,,,,,,,,,,,,,,,,,,,,,,,0,10,0,10,0,10,0,10,0,10
14000US42101980400,"Census Tract 9804, Philadelphia, PA",0,10,0,10,0,10,0,10,0,10,0,10,0,10,0,10,0,10,0,10,0,10,0,10,,,,,,,,,,,,,,,,,,,,,,,,,,,0,10,0,10,0,10,0,10,0,10
14000US42101980500,"Census Tract 9805, Philadelphia, PA",0,10,0,10,0,10,0,10,0,10,0,10,0,10,0,10,0,10,0,10,0,10,0,10,,,,,,,,,,,,,,,,,,,,,,,,,,,0,10,0,10,0,10,0,10,0,10
14000US42101980600,"Census Tract 9806, Philadelphia, PA",0,10,0,10,0,10,0,10,0,10,0,10,0,10,0,10,0,10,0,10,0,10,0,10,,,,,,,,,,,,,,,,,,,,,,,,,,,0,10,0,10,0,10,0,10,0,10
14000US42101980700,"Census Tract 9807, Philadelphia, PA",0,10,0,10,0,10,0,10,0,10,0,10,0,10,0,10,0,10,0,10,0,10,0,10,,,,,,,,,,,,,,,,,,,,,,,,,,,0,10,0,10,0,10,0,10,0,10
14000US42101980800,"Census Tract 9808, Philadelphia, PA",0,10,0,10,0,10,0,10,0,10,0,10,0,10,0,10,0,10,0,10,0,10,0,10,,,,,,,,,,,,,,,,,,,,,,,,,,,0,10,0,10,0,10,0,10,0,10
14000US42101980900,"Census Tract 9809, Philadelphia, PA",4,6,0,10,0,10,0,10,0,10,0,10,4,6,0,10,0,10,0,10,0,10,0,10,,,,,,,,,,,,,,,,,,,,,,,,,,,0,10,0,10,0,10,0,10,0,10
14000US42101989100,"Census Tract 9891, Philadelphia, PA",0,10,0,10,0,10,0,10,0,10,0,10,0,10,0,10,0,10,0,10,0,10,0,10,,,,,,,,,,,,,,,,,,,,,,,,,,,0,10,0,10,0,10,0,10,0,10
16000US4260000,"Philadelphia, PA",580509,2616,86188,1732,48225,1343,39751,1437,38092,1375,33409,1406,32307,1388,27736,982,28190,1032,22832,1219,43878,1518,50203,1615,,,,,,,,,,,,,,,,,,,,,,,,,,,54205,1633,29749,1166,16903,872,15573,767,13268,693
