id,GEOID10,Total:,Speak only English,Spanish or Spanish Creole:,"Speak English ""very well""","Speak English less than ""very well""","French (incl. Patois, Cajun):",French Creole:,Italian:,Portuguese or Portuguese Creole:,German:,Yiddish:,Other West Germanic languages:,Scandinavian languages:,Greek:,Russian:,Polish:,Serbo-Croatian:,Other Slavic languages:,Armenian:,Persian:,Gujarati:,Hindi:,Urdu:,Other Indic languages:,Other Indo-European languages:,Chinese:,Japanese:,Korean:,"Mon-Khmer, Cambodian:",Hmong:,Thai:,Laotian:,Vietnamese:,Other Asian languages:,Tagalog:,Other Pacific Island languages:,Navajo:,Other Native North American languages:,Hungarian:,Arabic:,Hebrew:,African languages:,Other and unspecified languages:,"Less than $10,000","$10,000 to $14,999","$15,000 to $19,999","$20,000 to $24,999","$25,000 to $29,999","$30,000 to $34,999","$35,000 to $39,999","$40,000 to $44,999","$45,000 to $49,999","$50,000 to $59,999","$60,000 to $74,999","$75,000 to $99,999","$100,000 to $124,999","$125,000 to $149,999","$150,000 to $199,999","$200,000 or more",RB_CUSTMR
0,42101000100,2143,2732,152,0,0,57,15,13,0,21,0,0,41,0,4,13,0,0,0,0,0,11,0,0,0,46,0,0,11,0,0,0,0,14,11,16,0,0,0,0,26,0,0,224,60,13,24,0,84,52,47,93,146,319,392,188,130,212,159,56
1,42101000200,943,844,39,0,0,0,0,0,0,0,0,0,0,0,0,0,0,0,0,0,0,5,0,0,0,1005,0,0,0,0,0,0,21,8,0,0,0,0,0,0,0,0,0,107,23,9,49,42,106,63,0,74,73,28,89,122,56,72,30,21
2,42101000300,1854,2655,257,0,0,20,0,12,0,9,0,8,9,17,7,0,0,0,0,0,0,18,0,8,3,144,0,102,0,0,0,0,0,49,8,0,0,0,0,10,0,0,0,228,113,54,60,54,49,106,91,33,67,133,206,154,141,107,258,78
3,42101000401,1632,1557,29,0,0,7,0,49,0,42,0,0,0,25,10,0,0,0,0,0,0,0,0,29,0,357,28,17,0,0,0,0,0,0,0,38,0,0,0,0,31,0,0,396,120,55,118,127,73,13,27,31,80,166,83,57,113,65,108,6
4,42101000402,2307,2565,63,0,0,32,0,23,45,0,30,0,16,47,0,42,0,0,0,0,8,0,0,18,0,16,0,63,0,0,0,0,0,0,34,0,0,0,0,0,0,0,0,341,105,240,115,82,138,44,96,80,136,162,217,182,111,134,124,15
5,42101000500,711,1289,428,0,0,18,0,0,0,15,0,7,0,16,10,0,0,0,0,0,6,27,0,19,24,267,0,0,0,0,0,0,30,0,0,0,0,0,0,15,0,16,0,102,23,70,35,74,4,34,0,66,91,57,82,39,14,9,11,6
6,42101000600,639,1258,66,0,0,4,0,0,0,0,0,0,0,11,32,18,0,0,0,0,0,46,0,0,0,64,4,20,0,0,0,0,0,21,0,0,0,0,0,0,0,16,0,135,14,12,0,3,38,0,11,16,82,100,89,54,28,6,51,8
7,42101000700,2010,2140,68,0,0,43,0,0,14,24,0,12,0,13,27,0,0,0,0,0,29,119,33,0,0,77,14,0,0,0,0,0,10,27,0,0,0,0,0,0,0,0,0,494,123,43,99,181,28,65,40,122,98,104,272,170,44,57,70,19
8,42101000801,1014,1387,0,0,0,13,0,0,0,0,0,0,0,0,0,0,26,0,0,0,0,29,0,0,0,66,0,10,0,0,0,0,15,71,0,0,0,0,0,0,0,0,0,75,0,26,8,63,107,41,41,16,20,74,121,67,54,197,104,43
9,42101000803,2602,3218,0,0,0,0,0,16,0,31,0,0,51,0,49,0,0,0,0,16,0,46,0,31,0,19,12,21,0,0,0,0,0,87,0,0,0,0,0,12,0,0,0,106,148,89,97,254,54,49,99,159,113,128,294,244,97,268,403,54
10,42101000804,2244,2335,230,0,0,72,0,53,38,0,0,15,0,0,72,11,0,0,0,14,0,0,0,0,0,50,0,0,0,0,0,0,139,0,6,0,0,0,0,38,0,15,0,264,43,66,51,53,40,130,44,73,137,210,195,247,133,137,421,9
11,42101000901,1305,1665,2,0,0,29,0,0,0,0,0,27,0,0,0,0,0,0,0,0,0,0,0,0,7,36,27,91,0,0,26,0,0,0,0,0,0,0,0,0,0,0,0,285,91,73,81,115,24,77,69,82,63,41,80,109,25,81,9,16
12,42101000902,1373,1644,26,0,0,27,0,19,6,0,12,8,0,66,0,0,0,0,0,19,0,0,2,0,0,325,44,14,0,12,0,0,49,5,0,0,0,0,0,13,0,2,0,261,266,87,14,25,25,72,37,16,169,41,81,35,40,33,171,41
13,42101001001,1433,1922,85,0,0,28,0,60,0,0,11,24,0,16,22,0,0,0,0,0,0,10,0,0,0,10,0,0,0,0,0,0,0,0,0,8,0,0,0,17,16,0,0,85,6,27,26,21,11,28,84,82,106,107,169,92,96,111,382,99
14,42101001002,1837,2712,104,0,0,47,0,65,0,86,0,0,0,0,0,0,0,3,0,0,0,13,24,0,0,14,44,0,0,0,0,0,0,0,0,0,0,0,0,0,0,0,0,42,47,41,71,9,48,58,86,19,110,214,204,195,45,196,452,168
15,42101001101,1904,2718,133,0,0,30,0,0,0,4,0,0,22,11,0,0,0,54,0,0,0,0,0,22,0,19,10,29,0,0,0,0,0,9,0,4,0,0,0,0,11,0,0,299,132,129,102,0,62,32,56,59,96,199,245,109,221,78,85,127
16,42101001102,1512,2171,18,0,0,21,0,13,0,11,0,0,0,13,0,0,0,0,0,0,0,0,0,0,0,23,0,0,0,0,0,0,0,54,39,0,0,0,0,0,13,0,0,162,12,80,39,14,52,104,81,23,186,119,176,91,118,64,191,134
17,42101001201,1937,2990,78,0,0,168,0,67,55,21,0,0,31,0,0,0,13,0,0,0,0,61,0,0,0,18,30,0,0,0,0,0,0,0,0,0,0,0,0,1,0,13,0,115,13,0,8,8,64,34,57,56,88,195,221,337,152,173,416,252
18,42101001202,2839,4213,338,0,0,56,0,0,0,52,0,0,7,0,0,12,0,7,0,14,67,19,0,0,0,98,0,0,0,0,0,0,14,0,0,0,0,0,0,0,22,28,0,245,35,128,77,63,154,124,79,256,153,363,241,168,140,242,371,175
19,42101001300,2428,4784,46,0,0,65,0,15,0,0,0,0,15,0,0,13,0,15,0,0,21,0,0,55,23,51,0,0,0,0,0,0,0,12,0,0,0,0,0,0,0,0,0,275,75,117,171,126,60,48,98,13,215,192,345,113,179,175,226,621
20,42101001400,2088,3578,59,0,0,23,42,0,36,43,0,22,0,14,43,31,0,0,0,0,0,9,0,0,26,98,0,0,0,0,38,0,0,23,8,0,0,0,0,0,0,0,0,158,117,81,164,155,89,85,77,16,175,65,213,198,160,41,294,313
21,42101001500,1300,1966,176,0,0,38,5,44,0,8,0,0,30,47,0,0,0,0,0,0,0,0,0,0,0,130,0,0,0,0,0,0,0,0,0,0,0,0,0,0,16,19,0,78,55,40,45,18,56,48,39,58,108,117,164,119,165,91,99,239
22,42101001600,1100,1881,18,0,0,0,0,11,0,0,0,0,0,0,0,16,0,0,0,10,0,0,0,0,0,0,0,0,0,0,0,0,0,7,0,0,0,0,0,0,0,0,0,99,16,0,44,31,41,29,85,39,83,170,142,52,66,132,71,220
23,42101001700,1415,2302,204,0,0,0,0,13,0,20,0,0,0,0,0,27,0,51,0,0,12,0,0,0,0,79,0,0,0,0,0,0,0,30,0,0,0,0,0,0,0,0,0,34,0,15,27,42,13,90,53,94,141,141,146,168,89,165,197,272
24,42101001800,1325,2276,177,0,0,0,0,28,0,0,0,0,0,0,0,0,0,0,0,0,0,0,0,0,0,181,0,0,0,0,0,0,0,0,0,0,0,5,0,0,0,0,0,65,41,84,35,28,72,11,50,70,117,126,96,128,55,171,176,267
25,42101001900,1255,2261,114,0,0,12,0,8,15,13,0,0,0,0,0,10,0,0,0,0,0,0,0,0,15,0,0,0,0,0,0,0,0,25,0,0,0,0,15,24,21,17,0,180,46,6,98,27,45,27,55,34,127,141,192,65,31,71,110,279
26,42101002000,765,1457,22,0,0,0,0,0,0,0,0,0,0,0,0,0,0,9,0,0,0,0,0,0,27,0,0,0,0,0,0,0,0,0,0,0,0,0,0,22,0,0,0,156,165,59,29,72,73,39,11,5,29,30,41,32,14,10,0,290
27,42101002100,910,1656,30,0,0,0,0,0,0,0,0,0,0,0,0,0,0,0,0,0,0,0,0,0,0,22,0,14,0,0,0,0,0,0,0,0,0,0,0,0,0,0,0,131,113,28,64,89,115,49,28,50,81,72,36,25,15,14,0,257
28,42101002200,1003,1740,52,0,0,0,0,0,0,0,0,0,0,0,11,0,0,0,0,0,0,0,0,0,0,61,7,32,0,0,0,0,0,0,12,0,0,0,0,34,0,0,0,270,66,89,43,10,77,29,9,62,69,100,23,79,16,13,48,203
29,42101002300,1203,1629,214,0,0,39,0,74,18,7,0,0,0,20,0,15,0,0,0,0,0,0,0,7,12,288,12,46,0,0,0,0,0,0,0,0,0,0,0,10,0,0,0,97,84,122,154,123,31,58,50,40,56,82,150,80,28,14,34,245
30,42101002400,1876,2385,640,0,0,9,0,91,0,45,0,0,31,47,211,11,0,13,0,0,0,0,0,0,0,136,0,100,0,0,0,0,113,0,8,0,0,0,0,0,0,0,0,156,69,140,157,112,125,113,74,45,82,139,357,102,78,71,56,435
31,42101002500,1631,2933,255,0,0,17,0,29,0,0,0,0,0,0,0,18,0,0,0,0,15,0,0,0,10,53,0,0,0,0,0,0,12,0,13,0,0,0,0,0,0,0,0,170,180,116,135,191,46,41,79,59,69,100,99,112,52,91,91,237
32,42101002701,1553,2123,402,0,0,4,0,12,0,22,0,5,0,0,0,0,0,0,0,0,0,0,0,0,0,170,0,18,576,0,0,0,125,0,56,0,0,0,0,28,0,0,0,123,65,167,114,210,140,150,51,6,166,127,93,96,33,12,0,204
33,42101002702,1502,3052,7,0,0,34,0,36,0,25,0,17,0,0,0,0,0,0,0,11,0,0,0,0,0,0,0,0,78,0,0,0,0,0,16,0,0,0,0,0,0,0,0,124,80,63,57,94,74,35,53,49,207,175,154,116,21,176,24,308
34,42101002801,1530,1235,787,0,0,0,0,63,0,0,0,0,0,0,0,0,0,16,0,0,0,10,0,0,0,917,0,13,243,0,17,0,100,9,166,58,0,0,0,18,0,0,0,183,140,181,85,144,122,45,88,63,71,157,99,84,15,24,29,217
35,42101002802,1995,3234,14,0,0,61,0,278,0,0,0,0,0,0,0,0,0,0,0,0,0,0,0,0,0,634,0,0,115,0,0,0,75,67,0,0,0,0,0,0,0,0,0,174,227,102,100,152,98,0,187,59,109,335,209,91,48,50,54,495
36,42101002900,1924,3144,156,0,0,28,0,168,0,16,0,0,0,0,18,0,0,0,0,0,0,0,0,0,0,45,0,15,0,0,0,0,0,0,132,11,0,0,0,72,0,0,0,185,166,139,130,61,88,120,85,97,69,207,152,209,83,123,10,506
37,42101003001,1539,1910,255,0,0,15,0,24,0,0,0,0,0,0,0,0,0,0,0,0,22,0,0,0,0,347,32,0,179,0,0,220,547,0,181,34,0,0,0,0,0,0,0,180,92,74,175,76,209,149,50,86,100,123,158,30,19,18,0,254
38,42101003002,1234,2414,251,0,0,0,0,17,0,11,0,0,0,0,0,0,0,0,0,0,0,0,0,0,0,35,0,0,246,0,15,0,0,0,0,0,0,0,0,0,0,0,0,197,258,85,146,150,4,21,39,29,121,53,53,57,0,4,17,347
39,42101003100,1681,2998,69,0,0,46,0,0,0,0,0,0,0,0,0,0,0,0,0,0,0,0,0,0,0,0,0,0,0,0,0,0,93,0,0,0,0,0,0,0,0,11,0,345,296,100,41,233,105,72,32,111,103,120,63,60,0,0,0,533
40,42101003200,1797,4313,55,0,0,16,0,0,0,0,0,0,0,0,0,0,0,0,0,0,0,0,0,0,0,0,0,0,0,0,0,0,0,0,0,0,0,23,0,0,0,0,0,320,201,293,77,89,145,157,57,69,75,135,94,74,0,0,11,619
41,42101003300,2196,4826,95,0,0,0,0,0,0,36,0,0,0,0,0,0,0,0,0,0,0,0,0,216,0,91,0,0,0,0,3,0,66,0,0,0,0,0,0,68,0,0,0,362,324,241,212,175,84,68,187,105,154,139,89,26,8,17,5,545
42,42101003600,2805,5463,170,0,0,0,0,0,0,0,0,0,0,0,0,42,0,26,0,0,59,0,0,0,0,213,0,0,147,0,21,32,116,0,48,326,0,0,0,20,0,40,0,786,356,240,284,239,222,114,80,26,62,185,91,66,18,18,18,319
43,42101003701,2203,4677,326,0,0,0,0,46,0,0,0,0,0,0,0,0,0,0,0,0,0,0,0,0,0,67,0,0,218,0,0,30,119,0,99,19,0,0,0,192,0,79,0,248,233,150,212,141,136,252,13,217,86,413,89,0,13,0,0,811
44,42101003702,1379,2331,107,0,0,15,8,49,0,0,0,14,0,0,0,0,0,1,0,0,0,0,0,0,0,92,24,0,49,0,0,0,122,0,0,88,0,0,0,158,0,0,0,259,132,17,84,84,117,71,72,113,128,89,111,78,0,10,14,259
45,42101003800,1575,3049,24,0,0,0,0,266,0,0,0,0,0,0,0,0,0,0,0,0,0,0,0,0,40,0,0,0,0,0,0,18,0,0,7,0,0,0,0,0,0,0,0,45,71,98,106,105,82,99,46,58,133,202,159,124,78,69,100,307
46,42101003901,2524,4588,182,0,0,15,0,124,0,0,0,0,0,0,33,0,17,0,0,0,0,0,0,0,32,641,16,33,25,0,0,0,198,196,65,35,0,0,0,114,0,0,0,251,230,153,320,163,150,117,147,85,119,216,305,71,110,65,22,498
47,42101003902,2406,5377,54,0,0,53,0,314,0,0,0,0,0,0,0,0,0,0,0,0,0,0,0,0,0,80,0,0,13,0,0,0,0,0,0,0,0,0,0,0,0,0,0,146,209,137,121,23,82,84,103,144,317,235,299,256,123,69,58,553
48,42101004001,1895,3140,103,0,0,0,0,160,13,0,0,0,0,0,0,13,0,0,0,0,0,0,0,0,0,120,6,0,17,0,0,0,104,0,8,156,0,0,0,23,10,0,0,110,195,156,239,66,155,61,118,29,181,202,249,65,29,40,0,460
49,42101004002,2003,4005,0,0,0,0,0,124,0,10,0,0,0,0,0,0,0,0,0,0,0,0,0,0,0,54,0,0,0,0,0,0,116,0,0,0,0,0,14,0,0,0,0,108,145,142,213,103,115,199,44,85,107,252,206,150,45,79,10,338
50,42101004101,2058,2613,756,0,0,0,0,108,0,0,0,0,0,14,0,0,0,0,0,0,0,0,35,181,0,211,0,0,437,0,0,39,417,86,0,196,0,0,0,0,0,16,0,310,188,216,384,174,139,110,126,17,140,75,105,66,0,0,8,275
51,42101004102,2595,4019,538,0,0,0,0,148,0,0,0,0,0,10,0,0,0,0,0,148,0,0,0,33,63,561,0,0,327,0,17,381,804,27,69,232,0,0,0,100,0,47,0,267,282,219,222,115,210,204,49,120,123,325,254,130,32,43,0,271
52,42101004201,2041,4237,280,0,0,67,0,85,21,10,0,0,0,0,23,61,0,205,0,0,0,0,0,0,0,0,0,0,10,0,0,404,0,0,0,0,0,0,0,0,0,0,0,297,93,198,20,67,176,57,34,204,205,125,247,119,87,102,10,379
53,42101004202,1728,3641,377,0,0,67,0,125,0,0,0,13,0,0,0,17,0,24,0,0,0,0,0,0,0,192,0,0,79,0,0,43,50,0,0,18,0,0,0,32,0,0,0,227,69,160,117,83,91,101,40,133,188,152,203,84,72,8,0,262
54,42101005000,0,0,0,0,0,0,0,0,0,0,0,0,0,0,0,0,0,0,0,0,0,0,0,0,0,0,0,0,0,0,0,0,0,0,0,0,0,0,0,0,0,0,0,0,0,0,0,0,0,0,0,0,0,0,0,0,0,0,0,1
55,42101005400,654,910,49,0,0,0,0,0,0,0,0,0,0,0,0,0,0,0,0,0,0,0,0,0,18,8,0,39,0,0,0,0,0,52,0,0,0,0,0,0,0,0,0,83,41,28,15,32,25,34,23,32,80,78,92,41,0,39,11,46
56,42101005500,2444,5609,62,0,0,60,0,11,0,38,0,0,0,0,0,0,0,0,0,0,0,0,0,61,0,0,0,0,239,0,50,0,0,0,60,0,0,0,0,0,0,85,0,224,31,135,197,92,59,14,289,236,217,299,408,108,0,94,41,228
57,42101005600,528,1053,21,0,0,0,0,0,0,0,0,0,0,0,0,0,0,0,0,0,0,0,0,0,0,0,0,33,0,0,0,0,0,0,0,0,0,0,0,0,0,75,0,45,51,68,7,27,43,12,19,22,36,91,43,64,0,0,0,13
58,42101006000,2402,4636,101,0,0,12,0,85,0,0,0,0,0,0,0,0,0,0,0,0,0,0,0,128,0,19,0,0,118,0,0,0,108,0,0,0,0,0,0,0,0,174,0,178,194,201,124,161,234,85,222,133,163,189,411,61,31,0,15,328
59,42101006100,1143,2182,19,0,0,210,14,12,0,0,0,0,0,0,0,0,0,0,0,0,0,0,0,0,58,0,0,0,125,0,0,39,260,0,0,0,0,0,0,28,0,316,0,102,54,66,118,8,70,164,65,20,130,172,166,0,0,8,0,166
60,42101006200,1312,3235,145,0,0,99,10,0,21,0,0,0,0,0,0,0,0,0,0,8,0,0,0,0,7,8,0,0,79,0,0,0,203,0,0,0,0,0,0,11,0,349,0,112,188,140,99,97,100,116,53,69,84,148,38,16,0,13,39,246
61,42101006300,1232,2645,121,0,0,79,0,0,0,0,0,0,46,0,0,0,0,0,0,0,23,0,0,0,0,0,0,0,228,0,0,21,223,0,0,0,0,0,0,19,0,48,0,275,193,90,73,48,98,33,40,60,79,70,51,109,0,13,0,364
62,42101006400,1314,2690,64,0,0,116,0,0,0,0,0,0,90,0,0,0,0,13,0,0,0,0,0,0,0,18,0,10,132,0,62,17,137,0,0,0,0,0,0,0,0,624,0,220,111,37,141,63,148,66,24,129,54,155,91,26,22,27,0,262
63,42101006500,1778,3944,64,0,0,0,47,0,0,0,0,0,0,0,0,0,0,0,0,0,0,0,0,0,0,0,0,0,0,0,0,0,0,0,48,0,0,0,0,0,0,288,0,292,225,173,178,86,63,97,126,91,68,69,116,124,12,34,24,321
64,42101006600,1441,2739,0,0,0,180,0,0,0,0,0,0,0,0,0,0,0,0,0,0,0,25,0,0,18,0,0,0,0,0,0,0,402,0,0,22,0,0,0,0,0,197,0,261,272,82,98,148,105,44,120,26,59,81,110,24,0,11,0,286
65,42101006700,2467,4528,406,0,0,29,0,13,0,0,0,0,0,0,0,0,0,0,0,0,0,0,0,0,52,55,17,0,97,0,0,0,348,0,0,0,0,0,0,0,0,739,0,437,398,263,190,91,191,225,174,8,130,135,25,171,29,0,0,524
66,42101006900,1007,2397,37,0,0,0,0,0,0,0,0,0,0,0,0,0,0,0,0,0,0,0,0,0,0,0,0,0,0,0,0,0,0,0,0,0,0,0,0,0,0,76,0,288,150,88,146,17,13,45,65,0,80,30,64,7,0,14,0,150
67,42101007000,1553,4524,58,0,0,4,0,0,0,0,0,0,0,0,0,0,0,0,0,0,0,0,0,0,12,0,0,0,0,0,0,0,0,0,0,0,0,0,0,0,0,0,0,247,145,156,141,130,168,119,72,34,83,97,51,39,5,56,10,381
68,42101007101,968,2500,66,0,0,0,0,5,0,0,0,0,0,0,0,0,0,0,0,0,0,0,0,0,0,0,0,0,0,0,0,0,0,0,0,0,0,0,0,0,0,58,0,208,43,23,17,173,55,22,177,61,120,47,16,0,0,6,0,306
69,42101007102,1766,4371,0,0,0,15,18,0,0,0,0,0,0,0,0,0,0,0,0,0,0,16,0,0,0,47,0,0,0,0,0,0,0,0,0,0,0,0,0,147,0,40,0,354,221,164,112,236,84,74,93,63,165,79,66,55,0,0,0,287
70,42101007200,1555,4068,2,0,0,52,0,0,0,0,0,0,0,0,0,0,0,6,0,0,0,0,0,11,0,0,0,11,0,0,0,0,0,0,0,0,0,0,0,0,0,8,0,312,106,199,84,84,117,68,81,84,136,115,111,39,0,19,0,567
71,42101007300,1167,2647,71,0,0,0,0,0,0,0,11,0,0,0,0,0,0,0,0,0,0,0,0,0,0,0,0,0,0,0,0,0,0,0,0,0,0,0,0,178,0,87,0,141,124,145,160,97,70,143,95,44,22,63,15,46,0,0,2,264
72,42101007400,1644,3742,106,0,0,24,0,0,0,0,0,0,0,0,0,5,0,0,0,0,0,0,0,0,0,11,0,0,20,0,0,0,9,10,0,0,0,0,0,0,0,18,0,308,231,190,130,64,77,93,86,22,75,115,169,52,23,0,9,276
73,42101007700,723,1819,41,0,0,14,0,0,0,1,13,0,0,0,0,0,0,0,0,0,43,20,0,16,7,107,10,42,0,0,0,6,0,52,3,7,0,11,0,21,13,80,0,191,67,33,56,10,43,27,11,13,82,83,34,33,0,24,16,58
74,42101007800,1991,3348,112,0,0,30,0,0,0,35,0,0,0,0,0,0,0,15,0,16,0,28,0,0,39,6,0,35,0,0,0,0,65,0,0,0,0,0,0,16,10,39,0,229,77,186,156,183,102,80,62,26,214,100,249,153,50,45,79,248
75,42101007900,2055,3535,341,0,14,102,0,23,0,0,0,0,0,14,0,0,0,0,0,0,0,0,0,0,0,65,15,32,0,0,0,0,18,129,0,0,0,0,0,17,14,109,14,113,114,61,247,121,142,172,149,56,92,231,199,74,147,89,48,390
76,42101008000,1454,3034,63,0,0,42,17,0,0,0,0,0,0,0,0,0,0,0,0,0,0,0,0,0,0,0,0,0,0,0,0,0,0,0,0,0,0,0,0,0,0,96,0,144,205,291,41,24,90,129,36,63,126,118,105,48,0,34,0,362
77,42101008101,947,2057,20,0,0,0,14,0,0,0,0,0,0,0,0,0,0,0,0,0,0,0,0,0,0,0,0,0,0,0,0,0,0,0,0,0,0,0,0,0,0,12,0,206,58,69,134,39,33,27,20,16,69,144,91,15,0,0,26,233
78,42101008102,1838,4420,116,0,0,0,0,0,0,23,0,0,0,0,0,0,0,0,0,0,0,27,0,0,0,0,0,0,0,0,0,0,0,0,0,0,0,17,0,0,0,151,0,250,103,182,201,116,112,23,100,119,270,157,145,44,16,0,0,492
79,42101008200,2554,7409,91,0,0,33,0,0,0,0,0,0,0,0,0,0,0,0,0,0,0,0,0,0,0,0,0,0,0,0,0,0,0,0,0,0,0,0,0,42,0,0,0,422,161,259,66,139,74,203,224,143,229,248,211,70,26,56,23,720
80,42101008301,1776,4008,62,0,0,34,7,0,0,0,0,0,0,0,0,0,0,0,0,0,0,0,0,0,0,8,0,6,0,0,0,0,0,0,0,0,0,0,0,0,0,0,0,357,267,38,183,175,75,133,150,42,94,81,83,33,24,10,31,278
81,42101008302,1626,3823,14,0,0,36,0,0,0,0,0,0,0,0,0,0,0,0,0,0,0,0,0,0,0,33,0,0,0,0,0,0,44,0,0,0,0,0,0,0,0,0,0,364,152,127,106,136,128,49,135,51,63,129,99,23,64,0,0,369
82,42101008400,1776,4601,90,0,0,0,0,0,0,0,0,0,0,0,0,0,0,0,0,0,0,0,0,0,0,8,0,0,0,0,0,0,0,0,0,0,0,0,0,0,0,10,0,369,179,207,98,211,84,69,41,65,152,111,100,45,20,9,16,542
83,42101008500,2485,5658,142,0,0,119,68,0,0,0,0,0,0,0,0,0,0,0,0,0,0,0,0,0,48,12,0,0,0,0,0,0,0,0,0,0,0,0,0,0,0,48,0,393,277,313,204,85,100,243,99,126,224,206,122,63,0,16,14,636
84,42101008601,1369,2157,100,33,0,78,0,0,0,0,0,0,0,9,0,0,0,13,0,0,0,0,0,5,0,84,0,0,1,0,0,0,0,26,0,0,0,0,0,38,46,0,33,249,39,92,56,71,106,73,28,110,94,87,92,108,91,48,25,127
85,42101008602,1223,2409,89,0,0,97,0,0,0,0,0,0,0,0,0,0,0,0,0,0,0,0,0,0,0,0,0,0,0,0,0,27,0,51,0,0,0,0,0,0,0,254,0,270,145,94,0,112,127,49,89,13,99,38,41,146,0,0,0,204
86,42101008701,1886,3322,232,0,0,116,0,0,0,24,0,36,0,7,122,0,0,0,0,0,29,23,0,590,23,173,0,0,56,0,0,25,11,0,0,0,0,0,0,188,0,122,0,464,128,43,34,95,222,89,77,75,85,178,135,131,32,65,33,164
87,42101008702,1408,2986,155,0,0,13,0,0,0,4,0,0,11,0,32,0,0,0,0,0,0,36,0,0,31,145,72,180,0,0,0,12,10,0,9,0,0,0,0,11,10,0,0,539,58,31,80,89,58,56,83,0,87,26,72,79,70,39,41,90
88,42101008801,258,1026,119,0,0,0,0,0,0,15,0,0,0,0,0,0,0,0,0,0,9,0,0,0,0,65,23,61,0,0,18,0,0,0,0,0,0,0,0,16,0,5,0,79,16,29,40,6,56,0,0,0,11,0,0,0,0,21,0,3
89,42101008802,1400,5859,227,0,12,85,0,0,0,23,28,0,0,0,36,11,0,3,0,0,131,24,0,73,0,560,16,106,0,0,35,0,30,42,0,0,0,0,0,0,49,3,12,675,187,95,89,60,100,11,48,12,39,45,0,6,33,0,0,55
90,42101009000,1102,4022,88,0,0,40,0,34,13,22,0,0,0,11,9,0,0,0,4,12,40,194,37,41,0,224,6,24,0,0,0,0,23,84,15,6,0,0,0,0,39,0,0,384,95,56,101,99,42,7,36,59,36,26,53,20,58,14,16,91
91,42101009100,1322,1838,28,0,0,16,0,0,0,0,0,0,0,43,0,0,0,0,0,0,0,123,0,0,0,100,0,36,0,0,10,0,0,0,32,0,0,0,0,2,14,14,0,537,122,83,57,55,74,45,58,0,64,42,61,0,20,48,56,87
92,42101009200,1279,2930,25,0,0,30,0,0,0,0,0,0,0,0,0,0,0,0,30,0,0,0,0,0,0,90,0,38,0,0,0,0,5,10,0,0,0,0,0,73,0,0,0,349,124,133,57,64,57,82,108,41,57,105,51,17,20,14,0,189
93,42101009300,1616,3259,62,0,0,10,0,0,0,0,0,0,0,0,0,0,0,0,0,0,0,0,0,0,0,0,0,0,0,0,0,0,0,0,20,0,0,0,0,0,0,0,0,430,230,91,82,68,121,113,82,60,94,92,32,46,35,40,0,368
94,42101009400,1638,3498,157,0,0,7,0,0,0,0,0,0,0,0,0,0,0,0,0,0,0,0,0,0,0,21,0,0,0,0,0,0,0,0,0,0,0,0,0,28,24,9,0,403,299,139,172,140,148,63,32,21,81,63,53,24,0,0,0,395
95,42101009500,1367,3191,60,0,0,0,0,0,0,0,0,0,0,0,0,0,0,0,0,0,0,0,0,0,0,9,0,0,0,0,0,0,0,0,0,0,0,0,0,0,0,41,0,358,212,168,67,56,53,58,45,24,153,136,14,14,0,9,0,399
96,42101009600,1684,3707,39,0,0,42,46,0,0,0,0,0,0,0,0,0,0,0,0,0,0,0,0,0,0,0,0,0,0,0,0,0,49,0,0,0,0,0,0,0,0,159,0,371,278,161,121,115,51,41,59,93,98,140,104,52,0,0,0,357
97,42101009801,990,1705,135,0,0,0,0,30,0,11,47,0,0,0,0,0,0,0,0,0,0,0,0,0,0,28,0,0,0,0,0,0,0,0,0,0,0,0,0,0,11,35,0,106,95,128,95,10,44,42,14,12,170,139,89,35,0,11,0,105
98,42101009802,2026,5044,88,0,0,107,0,0,0,0,0,0,0,0,0,0,0,0,0,0,0,0,0,0,0,35,0,68,0,0,0,0,17,0,0,47,0,0,0,71,0,0,0,134,80,139,157,63,77,172,89,78,341,104,318,98,109,67,0,256
99,42101010000,1754,4200,11,24,0,10,91,36,0,0,0,0,0,0,0,0,0,0,0,0,0,0,0,0,0,0,0,0,0,0,6,0,0,0,0,0,0,0,0,78,0,161,24,284,125,109,75,135,39,122,93,59,285,157,146,82,27,16,0,274
100,42101010100,2087,4539,151,0,0,50,17,14,0,0,0,0,0,0,0,0,0,0,0,0,0,0,0,0,0,0,0,0,0,0,0,0,0,0,0,0,0,0,0,0,0,95,0,530,242,205,61,166,216,103,64,8,151,59,120,140,7,0,15,487
101,42101010200,1163,2587,60,0,0,0,0,0,0,0,0,0,0,0,0,0,0,0,0,0,0,0,0,0,0,0,0,0,0,0,0,0,0,0,0,0,0,0,0,20,0,0,0,319,232,123,72,107,57,73,22,26,38,34,38,22,0,0,0,317
102,42101010300,976,2307,19,0,0,0,0,0,0,10,0,0,0,0,0,0,0,0,0,0,0,0,0,0,0,0,0,0,0,0,0,0,0,0,0,0,0,0,0,14,0,0,0,64,112,84,176,86,84,27,13,31,48,97,75,26,9,27,17,231
103,42101010400,1113,2828,50,0,0,57,0,0,0,0,0,0,0,0,0,0,0,0,0,0,0,0,0,0,0,0,0,0,0,0,0,0,0,0,0,6,0,0,0,0,0,0,0,247,87,22,82,110,11,56,49,56,163,52,84,37,57,0,0,209
104,42101010500,1447,3085,204,0,0,0,16,8,0,7,0,0,0,0,0,0,0,0,0,0,0,0,0,0,0,0,0,0,0,0,0,0,0,0,0,0,0,0,0,34,0,0,0,480,225,87,153,34,117,69,33,11,0,131,66,22,8,0,11,167
105,42101010600,503,1164,84,0,0,6,0,0,0,8,0,0,0,0,0,0,0,0,0,0,0,0,0,0,0,0,0,31,0,0,0,0,0,0,0,0,0,0,0,0,0,13,0,168,35,52,8,40,9,22,4,42,10,80,29,0,4,0,0,65
106,42101010700,1234,3525,218,0,0,0,0,0,0,0,0,0,0,0,0,0,0,0,0,0,0,0,0,0,0,0,0,4,0,0,0,0,25,0,0,0,0,0,0,0,0,0,0,351,167,90,113,17,95,17,44,146,39,95,51,0,9,0,0,169
107,42101010800,1408,3029,25,0,0,11,0,0,0,0,0,0,0,0,0,0,0,0,0,0,0,0,0,0,7,16,0,0,0,0,0,0,0,0,0,0,0,0,0,21,0,0,0,392,317,113,193,52,53,44,61,0,46,82,44,11,0,0,0,418
108,42101010900,733,1847,48,0,0,0,0,0,0,0,0,0,0,0,0,0,0,0,0,0,0,22,0,0,0,0,0,0,0,0,0,0,0,0,0,0,0,0,0,0,0,7,0,224,68,112,42,26,60,31,17,0,49,9,43,33,0,19,0,179
109,42101011000,1356,3128,0,0,0,8,0,0,0,0,0,0,0,0,0,0,0,0,0,0,0,0,0,0,0,0,0,0,0,0,26,0,0,0,0,0,0,0,0,0,0,23,0,384,198,76,152,114,72,104,19,14,79,70,19,29,11,0,15,204
110,42101011100,1334,3102,23,0,0,0,0,0,0,0,0,0,0,0,0,0,0,0,0,0,0,0,0,0,0,41,0,0,0,0,0,0,0,0,0,0,0,0,0,0,0,93,0,338,191,193,110,62,81,22,33,119,80,48,29,20,0,8,0,249
111,42101011200,1975,4961,0,0,0,15,0,36,0,0,0,0,0,0,0,0,0,0,0,0,0,0,0,0,0,0,0,0,0,0,0,0,0,0,0,0,0,0,0,0,0,0,0,496,147,161,219,146,130,109,103,35,90,189,86,49,15,0,0,820
112,42101011300,1089,2665,0,0,0,0,0,0,0,0,0,0,0,0,0,0,0,0,0,0,0,0,0,0,0,0,0,0,0,0,0,0,0,0,0,0,0,0,0,0,0,10,0,184,67,18,46,78,50,86,149,62,184,48,100,0,10,7,0,260
113,42101011400,2757,6821,34,0,0,81,0,0,0,0,0,0,0,0,0,0,0,0,0,0,0,0,0,0,42,0,0,0,0,0,0,0,0,0,0,0,0,0,0,100,0,71,0,596,199,261,169,113,73,129,196,104,235,313,222,60,58,7,22,548
114,42101011500,1580,3581,72,0,0,105,76,66,0,0,0,0,20,0,0,1,0,0,0,0,0,0,0,0,0,63,18,0,0,0,0,0,0,16,0,0,0,0,0,0,1,101,0,168,0,97,73,83,157,89,1,97,184,170,312,120,10,19,0,259
115,42101011700,363,1994,29,0,0,53,0,54,0,34,0,0,12,0,0,0,0,0,0,0,0,10,32,0,0,12,12,11,0,0,0,0,0,27,0,0,0,0,0,6,3,0,0,72,0,6,43,9,3,0,19,26,47,20,37,26,28,10,17,99
116,42101011800,2133,5070,67,14,0,0,172,0,0,0,0,0,0,0,0,0,0,0,0,0,0,0,0,0,0,198,0,0,0,0,0,0,0,0,0,0,0,0,0,0,0,0,14,264,162,153,103,110,100,112,126,137,163,108,212,97,136,120,30,390
117,42101011900,2041,4472,166,0,0,49,15,0,0,0,0,0,0,0,0,0,0,0,0,0,0,0,0,0,0,17,0,49,0,0,0,0,0,0,20,0,0,0,0,34,0,122,0,323,154,41,190,90,155,165,82,97,264,110,164,55,63,58,30,324
118,42101012000,750,1560,76,0,0,28,0,0,0,0,0,0,0,0,0,0,0,0,0,0,0,0,0,0,0,0,0,14,0,0,0,0,0,6,0,0,0,0,0,28,0,13,0,126,30,54,26,30,46,18,68,8,82,46,72,40,60,25,19,79
119,42101012100,1244,2517,178,0,0,32,0,43,17,13,0,0,0,0,0,0,0,0,0,31,0,12,0,0,0,31,0,11,0,0,0,0,0,18,13,0,0,0,0,0,0,25,0,201,98,119,36,69,105,128,40,121,54,60,105,67,33,8,0,117
120,42101012201,2069,2118,127,0,0,15,0,10,0,0,14,0,0,0,143,0,0,0,0,48,0,0,0,0,0,167,0,61,0,0,0,0,72,0,40,0,0,0,0,48,0,25,0,817,221,175,106,29,91,0,89,52,88,150,159,47,32,0,13,14
121,42101012203,912,974,78,0,0,5,0,9,0,0,0,0,0,9,0,0,0,0,0,0,13,44,32,33,0,19,0,18,0,0,0,0,0,13,0,0,0,0,0,4,12,5,0,281,51,67,102,58,17,55,81,47,103,22,28,0,0,0,0,1
122,42101012204,1776,2895,26,0,0,59,0,0,0,1,0,0,0,0,0,0,0,0,0,14,0,0,42,0,0,29,0,47,0,0,0,0,0,0,35,0,0,0,0,11,25,0,0,265,138,99,79,99,111,75,120,72,260,108,115,146,25,37,27,107
123,42101012500,2751,3148,144,0,0,16,0,0,39,0,17,14,0,0,15,0,0,0,0,0,13,266,0,29,0,160,0,107,0,0,0,0,44,75,0,0,0,0,0,0,0,0,0,479,69,45,195,103,186,10,87,150,304,210,339,79,188,200,107,42
124,42101013100,675,1257,60,0,0,0,0,0,0,13,0,0,0,0,0,0,0,3,0,0,0,0,0,8,0,38,0,0,0,0,0,0,0,0,0,0,0,0,0,0,0,0,0,138,58,16,78,54,68,14,52,36,12,19,82,39,9,0,0,37
125,42101013200,971,2178,97,0,0,5,0,0,0,0,0,0,0,0,0,0,0,3,0,0,0,45,0,14,0,4,0,0,15,0,0,0,36,112,0,0,0,0,0,3,0,0,0,219,198,88,45,51,53,60,35,74,16,52,50,8,14,8,0,58
126,42101013300,1423,2343,281,0,0,35,14,35,0,15,0,0,0,0,13,3,32,0,0,0,0,0,0,19,0,0,0,0,0,0,0,0,0,13,0,27,0,0,6,0,0,0,0,156,137,25,45,69,47,100,58,114,161,109,148,80,45,33,96,114
127,42101013401,1495,2026,57,0,0,0,0,25,0,36,0,0,0,0,32,0,0,0,0,0,0,57,22,0,0,0,0,0,0,0,0,0,11,0,0,0,0,0,0,0,0,0,0,73,73,80,74,39,32,82,47,64,115,179,159,127,84,101,166,91
128,42101013402,1406,2507,117,0,0,24,0,0,0,15,0,0,0,0,38,0,0,0,0,18,0,0,0,0,0,26,0,51,0,0,0,0,36,0,0,0,0,0,0,0,0,0,0,131,0,57,44,58,48,64,65,55,128,90,169,94,74,150,179,166
129,42101013500,1363,2633,147,0,0,47,0,7,7,7,0,0,0,0,7,35,0,68,0,0,0,0,0,0,0,0,0,0,0,0,0,0,0,0,22,0,0,0,0,0,0,0,0,87,116,31,78,83,16,28,47,105,143,160,103,90,85,117,74,460
130,42101013601,1282,2023,48,0,0,23,0,18,34,21,0,0,0,64,0,24,0,44,18,0,0,0,0,0,0,14,0,70,8,0,0,0,11,0,0,0,0,0,0,26,0,0,0,11,35,28,12,13,33,17,48,20,65,154,218,179,88,216,145,264
131,42101013602,1796,3176,37,0,0,68,0,34,0,0,0,0,0,29,10,25,0,24,0,0,0,0,0,0,0,0,0,30,0,0,0,0,0,0,0,0,0,0,0,0,53,8,0,63,101,56,19,13,73,35,91,60,185,174,294,235,114,142,141,378
132,42101013700,1784,4003,66,0,0,44,0,0,0,0,0,0,0,0,0,0,0,0,0,0,0,0,0,0,0,0,0,0,0,0,0,0,0,0,0,0,0,0,0,0,0,25,0,335,195,230,105,207,137,63,83,29,21,86,142,24,31,27,69,559
133,42101013800,836,1716,25,0,0,0,0,0,0,0,0,0,0,54,0,0,0,15,0,0,0,0,0,0,0,0,0,0,0,0,0,0,0,0,0,0,0,0,0,0,0,0,0,256,76,0,53,82,32,43,34,57,17,90,46,27,15,8,0,185
134,42101013900,1051,2631,147,0,11,0,0,3,0,0,0,0,0,0,9,0,26,0,0,0,0,0,0,0,58,2,0,0,0,0,0,0,11,0,0,0,0,0,0,3,0,0,11,316,203,149,53,48,24,18,0,0,39,134,47,0,0,20,0,128
135,42101014000,1182,2157,172,0,0,0,0,0,0,60,0,0,0,0,31,0,0,0,0,0,0,0,0,0,0,0,0,0,0,0,0,0,0,0,0,0,0,0,0,14,0,26,0,254,106,73,55,39,117,21,241,0,92,72,86,18,8,0,0,148
136,42101014100,870,1587,98,0,0,0,0,0,0,0,0,0,0,0,0,12,0,0,0,0,0,0,0,0,13,0,0,0,0,0,0,0,0,0,9,40,0,0,0,29,0,46,0,174,150,114,76,27,45,42,89,10,26,20,29,40,0,28,0,101
137,42101014200,1664,2520,398,0,0,9,10,9,0,0,0,0,0,26,0,0,9,50,0,0,0,0,0,24,0,0,0,10,0,0,0,0,41,0,0,7,0,0,0,0,63,19,0,95,106,98,10,9,45,68,58,94,124,212,288,143,181,108,25,256
138,42101014300,708,1157,60,0,0,0,0,0,0,0,0,0,0,0,0,65,0,6,0,0,0,0,0,4,37,4,22,0,0,0,0,0,0,11,0,0,0,0,0,0,0,0,0,23,49,15,51,22,38,57,30,35,53,84,188,24,36,0,3,147
139,42101014400,1128,1768,592,0,0,17,0,0,0,20,0,72,0,10,0,9,0,72,0,0,0,0,9,0,0,0,6,0,0,0,0,0,0,0,262,0,0,0,0,93,0,0,0,43,207,156,54,65,51,6,34,46,97,129,130,85,19,0,6,199
140,42101014500,648,1328,122,0,0,12,15,20,0,0,0,0,0,0,0,0,0,0,0,0,0,0,0,0,0,6,0,0,0,0,0,0,0,0,0,0,0,0,0,3,0,0,0,244,86,38,64,28,16,40,0,33,40,24,33,2,0,0,0,115
141,42101014600,1051,2852,96,0,0,0,0,0,0,0,0,0,0,0,0,0,0,0,0,0,0,0,0,10,0,24,0,27,0,0,0,0,31,0,0,0,0,0,0,19,43,94,0,254,127,78,114,22,40,22,74,22,21,109,102,0,0,58,8,128
142,42101014700,1071,3352,68,16,0,12,0,15,0,15,0,25,0,0,11,0,0,0,0,0,16,0,0,0,0,0,18,33,0,0,0,0,0,0,0,0,0,0,0,0,0,26,16,591,77,70,50,44,21,42,25,12,54,26,30,29,0,0,0,134
143,42101014800,317,649,14,0,0,4,0,0,0,0,0,0,0,0,0,0,0,0,0,0,0,0,0,0,5,12,0,0,0,0,0,0,0,0,0,0,0,0,0,0,0,0,0,144,43,32,4,0,11,5,9,0,5,48,3,13,0,0,0,51
144,42101014900,1401,2694,46,0,0,151,0,0,0,0,0,0,0,0,0,0,0,0,0,0,0,0,0,0,0,42,0,0,0,0,0,0,0,61,0,0,0,0,0,0,0,0,0,437,202,38,140,35,53,148,35,6,95,58,111,29,14,0,0,419
145,42101015101,933,1939,3,0,0,0,0,0,0,0,0,0,0,0,0,0,0,0,0,0,0,0,0,0,0,0,0,0,0,0,0,0,0,0,0,0,0,0,0,0,0,0,0,353,62,80,22,41,55,29,69,49,37,81,39,0,0,0,16,174
146,42101015102,1897,4014,109,0,0,19,0,0,0,0,0,0,0,0,0,0,0,0,0,0,0,0,0,0,0,0,0,0,0,0,0,0,0,0,0,0,0,0,0,0,0,0,0,728,293,150,119,96,99,161,61,53,14,53,34,13,11,0,12,301
147,42101015200,1947,5568,247,0,0,0,0,0,0,0,0,0,0,0,0,0,0,0,0,0,0,0,0,0,0,0,0,0,0,0,0,0,0,0,0,0,0,0,0,52,0,0,0,720,228,264,171,41,96,53,80,79,50,12,114,15,0,0,24,307
148,42101015300,1208,3917,58,0,0,32,0,0,0,0,0,0,0,0,3,15,0,29,0,0,0,10,0,4,0,27,0,0,0,0,0,0,0,0,0,0,0,0,0,47,11,0,0,598,89,124,46,58,61,35,22,14,25,40,44,43,0,9,0,167
149,42101015600,573,676,1102,0,0,0,0,0,0,0,0,0,0,0,0,0,0,0,0,0,0,0,0,0,0,0,0,0,0,0,0,0,0,0,0,0,0,0,0,0,0,0,0,181,98,40,5,39,31,29,0,0,24,14,51,45,7,0,9,167
150,42101015700,939,972,1017,0,0,0,0,0,0,0,0,143,0,0,0,13,0,0,0,0,109,0,0,0,22,4,0,0,0,0,0,0,0,0,0,0,0,0,0,214,0,0,0,183,69,63,136,32,56,33,53,25,10,88,74,40,53,24,0,175
151,42101015800,2580,4825,168,0,0,0,0,14,13,0,0,0,0,15,128,29,0,0,0,0,0,0,0,0,55,0,0,0,49,0,0,0,0,0,16,0,0,0,0,35,0,0,0,266,231,277,119,85,104,43,193,48,185,260,386,188,61,66,68,664
152,42101016000,2763,6093,70,0,0,15,0,0,19,0,0,0,0,0,0,175,0,0,0,0,0,0,0,0,246,13,0,0,0,0,0,0,87,0,0,14,0,0,0,0,0,0,0,366,114,100,234,219,86,132,165,121,205,196,456,213,111,22,23,824
153,42101016100,1760,2531,1384,0,0,14,0,0,0,0,0,0,0,0,0,12,0,0,0,0,0,0,0,0,0,224,15,0,94,0,0,0,308,0,27,65,0,0,0,6,0,0,0,246,355,147,144,139,146,79,93,75,86,127,56,12,46,0,9,501
154,42101016200,737,557,1057,0,0,0,0,0,0,0,0,0,0,0,0,0,0,0,0,0,0,0,0,0,0,0,0,0,0,0,0,0,0,0,0,0,0,0,0,0,0,0,0,263,62,58,107,7,14,49,82,6,57,10,11,11,0,0,0,158
155,42101016300,1092,1241,1795,0,0,0,0,0,0,0,0,0,0,0,0,0,0,0,0,0,0,0,0,0,0,2,0,0,0,0,0,0,262,0,0,0,0,0,0,12,0,0,0,421,207,69,84,48,66,53,4,0,66,12,9,53,0,0,0,190
156,42101016400,1526,2200,2312,0,0,0,0,0,0,0,0,0,0,0,0,0,0,0,0,0,0,0,0,21,0,0,0,0,0,0,0,0,0,0,0,0,0,0,0,0,0,0,0,605,230,51,185,95,75,32,45,82,18,74,7,10,11,0,6,431
157,42101016500,912,1698,74,0,0,0,0,0,0,0,0,0,0,0,0,0,0,0,0,0,0,0,0,0,0,0,0,0,0,0,0,0,0,0,0,0,0,0,0,0,0,0,0,301,175,71,83,17,121,30,8,9,0,69,28,0,0,0,0,193
158,42101016600,524,1350,25,0,0,0,0,0,0,8,0,0,0,0,0,0,0,0,0,6,0,0,0,0,0,0,0,0,0,0,0,0,0,0,0,0,0,0,0,8,0,0,0,232,38,11,55,38,36,28,31,0,0,0,6,49,0,0,0,66
159,42101016701,1085,2430,77,0,0,0,0,0,0,0,0,0,0,0,0,0,0,0,0,0,0,0,0,0,0,0,0,0,0,0,0,0,0,0,0,0,0,0,0,48,0,26,0,286,79,133,56,87,45,37,21,66,78,34,67,57,26,13,0,305
160,42101016702,1192,2652,101,0,0,0,0,0,0,0,0,0,0,0,0,0,0,0,0,0,0,0,0,0,0,0,0,0,0,0,0,0,0,0,0,0,0,0,0,92,0,0,0,420,78,153,44,168,54,27,91,57,20,41,14,12,0,0,13,199
161,42101016800,1385,3862,93,0,0,17,0,0,0,29,0,0,0,0,0,0,0,0,0,0,0,0,0,0,0,0,0,0,0,0,0,0,0,0,0,0,0,0,0,1,0,0,0,276,224,91,51,61,124,117,119,50,67,26,93,7,58,0,21,376
162,42101016901,1302,3445,11,0,0,5,0,8,0,0,0,0,0,0,0,0,0,0,0,0,0,0,0,0,10,0,0,36,0,0,0,0,0,0,8,0,0,0,0,0,0,0,0,249,151,112,164,124,76,40,63,34,107,39,70,18,28,0,27,311
163,42101016902,2141,4996,131,0,0,11,0,0,0,0,0,0,0,0,0,0,0,0,0,0,0,0,0,0,0,0,0,0,0,0,0,0,0,0,0,0,0,0,0,0,0,0,0,334,334,210,268,116,105,126,108,15,226,115,83,46,32,23,0,644
164,42101017000,1209,2409,206,0,0,11,0,0,0,0,0,0,0,0,0,1,0,0,0,0,0,0,0,0,0,0,0,58,0,0,0,0,30,0,0,0,0,0,0,4,0,8,0,270,45,137,169,32,49,31,54,30,94,102,42,111,36,7,0,118
165,42101017100,1462,3225,148,0,0,11,48,0,0,53,0,0,0,0,0,0,0,0,0,0,0,0,0,0,0,0,0,0,0,0,0,0,0,14,0,0,0,0,0,0,0,0,0,343,152,149,74,94,175,78,48,0,129,38,78,85,19,0,0,357
166,42101017201,1286,3344,15,0,0,14,0,0,0,0,0,0,0,0,0,0,0,0,0,0,0,0,0,0,0,0,0,0,0,0,0,0,0,0,0,0,0,0,0,0,0,0,0,237,249,162,103,147,40,38,110,22,61,61,50,6,0,0,0,251
167,42101017202,1357,3150,77,0,0,0,0,0,0,0,0,0,0,0,0,0,0,0,0,0,0,0,0,0,0,0,0,0,0,0,0,0,0,0,0,0,0,0,0,0,0,0,0,277,185,218,165,56,43,78,103,55,74,63,20,0,0,20,0,317
168,42101017300,1253,3097,141,0,0,7,0,0,0,0,0,0,0,0,0,0,0,0,0,0,0,0,0,0,0,0,0,0,0,0,0,0,0,0,0,0,0,0,0,0,0,0,0,240,188,198,92,118,24,34,40,63,62,79,60,33,8,0,14,211
169,42101017400,792,1946,62,0,0,14,0,0,0,0,0,0,0,0,0,0,0,0,0,0,0,0,0,0,0,0,0,0,0,0,0,0,0,0,0,0,0,0,0,0,0,0,0,189,145,65,78,4,76,61,7,8,66,46,19,28,0,0,0,203
170,42101017500,2283,2573,3398,0,0,0,0,0,0,6,0,0,0,0,0,0,0,0,0,0,0,0,0,0,0,0,0,0,0,0,0,0,0,0,0,0,0,0,0,0,0,0,0,794,366,160,271,153,88,150,67,10,91,73,60,0,0,0,0,507
171,42101017601,1822,1171,3639,0,0,0,0,0,0,0,0,34,0,0,0,0,0,0,0,0,0,0,0,0,0,0,0,0,0,0,0,0,0,0,0,0,0,0,0,0,0,0,0,796,270,185,108,39,47,24,92,0,115,51,75,20,0,0,0,437
172,42101017602,1152,1152,2220,0,0,0,0,0,0,0,0,0,0,0,0,0,0,0,0,0,0,0,0,0,0,0,0,0,0,0,0,0,0,0,0,0,0,0,0,0,0,0,0,278,161,208,156,127,84,34,0,0,10,30,64,0,0,0,0,225
173,42101017701,988,1567,1345,0,0,0,0,0,0,0,0,0,0,0,0,0,0,0,0,0,0,0,0,0,0,15,0,0,0,0,0,0,11,0,0,0,0,0,0,0,0,0,0,302,121,75,68,99,127,37,31,0,89,13,26,0,0,0,0,222
174,42101017702,1566,1959,3426,0,0,0,0,0,0,0,0,0,0,0,0,19,0,0,0,0,0,0,0,0,0,44,0,0,0,0,0,0,0,20,17,0,0,0,0,0,0,0,0,441,238,326,113,57,102,0,22,70,51,44,73,29,0,0,0,275
175,42101017800,2048,2969,2578,0,0,0,0,0,26,0,0,0,0,13,0,38,0,0,0,0,0,0,0,0,0,11,0,0,0,0,0,0,332,0,0,0,0,0,0,13,0,0,0,562,140,296,225,146,205,117,82,51,23,49,109,31,0,12,0,337
176,42101017900,2057,4147,1067,0,0,115,0,0,0,0,0,0,0,0,12,135,4,0,0,0,0,0,0,0,0,59,0,0,0,0,0,0,0,0,24,0,0,0,0,0,0,0,0,367,213,386,72,146,87,99,104,0,149,120,267,0,28,0,19,497
177,42101018001,1016,1936,21,0,0,24,0,0,0,10,0,0,0,0,0,31,0,0,0,0,0,0,0,0,36,0,0,0,0,0,0,0,0,0,0,0,0,0,0,20,0,0,0,153,31,35,179,91,29,143,69,20,47,46,104,69,0,0,0,209
178,42101018002,2159,3731,111,0,0,13,0,14,0,0,0,0,0,0,0,508,0,48,0,0,0,0,0,0,167,0,0,0,0,0,0,0,21,0,0,0,0,0,0,0,0,0,0,214,228,150,221,115,153,105,187,0,107,230,193,147,18,38,53,499
179,42101018300,1607,3388,66,0,0,24,0,0,0,27,0,0,0,0,48,316,0,18,0,0,0,0,0,0,0,0,0,0,0,0,0,0,11,0,0,0,0,0,0,0,0,0,0,201,108,60,59,99,108,87,88,96,140,215,158,69,80,29,10,406
180,42101018400,835,1862,43,0,0,0,0,0,0,0,0,0,0,0,0,84,0,0,0,0,0,0,0,0,36,0,0,0,0,0,0,0,0,26,0,0,0,0,0,0,0,0,0,75,66,30,84,18,35,50,68,85,50,102,64,55,10,43,0,232
181,42101018800,2515,4566,2845,0,0,0,0,0,0,17,0,0,0,0,0,0,0,0,0,0,0,0,0,0,0,41,0,0,0,0,0,0,0,0,0,0,0,0,0,1,0,0,0,691,386,99,121,148,94,183,91,174,127,181,116,33,71,0,0,483
182,42101019000,2411,3496,2804,0,0,8,18,9,0,0,0,0,0,0,9,0,0,0,0,0,0,0,0,0,0,0,40,0,0,0,0,0,208,0,44,0,0,0,0,18,0,0,0,423,164,310,170,316,141,105,159,74,179,227,100,34,0,9,0,596
183,42101019100,2636,3102,3025,0,0,0,0,0,0,0,0,0,0,0,0,0,0,16,0,0,0,0,0,0,0,90,0,0,0,0,0,0,516,0,23,0,0,0,0,231,0,0,0,423,286,169,171,287,54,138,118,154,218,297,212,68,30,0,11,578
184,42101019200,2529,3763,4213,0,0,0,0,0,0,0,0,0,0,0,0,0,0,0,0,0,0,0,0,0,0,0,0,0,0,0,0,0,0,0,0,0,0,0,0,0,0,0,0,567,440,219,146,101,186,107,44,131,253,256,8,43,0,28,0,511
185,42101019501,1555,630,3346,0,0,0,0,0,0,29,0,0,0,0,0,0,0,0,0,0,0,0,0,0,0,0,0,0,0,0,0,0,0,0,0,0,0,0,0,0,0,0,0,614,271,126,121,42,19,19,12,0,207,31,57,27,9,0,0,276
186,42101019502,1226,888,2430,0,0,0,0,20,0,0,0,0,0,0,0,0,0,0,0,0,0,0,0,0,0,0,0,0,0,0,0,0,0,0,0,0,0,0,0,0,0,0,0,393,186,125,21,74,96,0,171,0,56,0,48,33,23,0,0,279
187,42101019700,2259,2688,3399,0,0,0,0,0,0,0,0,0,0,0,0,0,0,0,0,0,0,0,0,0,0,105,0,0,0,0,0,0,0,0,0,0,0,0,0,0,0,16,0,456,347,267,205,116,163,126,60,0,117,158,160,25,0,38,21,415
188,42101019800,1856,1356,3820,0,0,0,0,0,0,0,0,0,0,0,0,0,0,0,0,0,0,0,0,0,0,0,0,33,0,0,0,0,0,0,93,0,0,0,0,0,0,0,0,461,134,222,286,138,122,87,104,21,96,37,37,91,11,0,9,388
189,42101019900,1403,1816,2321,0,0,5,0,0,0,0,17,0,0,0,0,0,0,0,0,0,0,0,0,0,0,0,0,0,0,0,0,0,0,0,0,0,0,0,0,0,0,0,0,361,168,185,140,115,83,73,53,59,37,58,47,24,0,0,0,226
190,42101020000,569,1123,104,0,0,0,0,0,0,0,0,0,0,0,0,0,0,0,0,0,0,0,0,40,0,35,0,0,0,0,0,0,0,0,0,0,0,0,0,0,0,6,0,103,75,22,18,73,50,22,124,15,19,20,10,0,18,0,0,79
191,42101020101,1519,3720,97,0,0,13,0,0,0,0,0,0,0,0,0,0,0,0,0,0,0,0,0,0,0,0,0,0,0,0,0,0,0,0,0,0,0,0,0,0,0,0,0,274,317,117,51,56,143,80,164,80,19,95,74,9,0,0,40,209
192,42101020102,1347,2990,35,0,0,0,0,0,0,0,0,0,0,0,0,0,0,0,0,0,0,0,0,0,0,0,0,0,0,0,0,0,0,0,0,0,0,0,0,0,0,0,0,255,99,78,139,17,187,0,119,16,208,79,86,58,0,0,6,260
193,42101020200,1947,4843,46,0,0,0,0,0,0,0,0,0,0,0,0,0,0,0,0,0,0,0,0,0,0,36,0,0,0,0,0,0,0,0,0,0,0,0,0,0,0,52,0,447,306,156,168,137,104,152,77,36,42,131,67,26,73,25,0,289
194,42101020300,1084,2442,40,0,5,21,0,0,0,0,0,0,0,0,0,0,0,0,0,0,0,0,0,0,0,0,0,0,0,0,0,0,0,0,0,0,0,0,0,24,0,0,5,223,173,47,75,112,78,95,67,33,78,35,10,40,18,0,0,175
195,42101020400,1117,2463,9,0,0,31,0,0,0,0,0,0,20,0,0,0,0,3,0,0,0,0,0,0,0,0,0,0,0,0,0,0,0,0,0,0,0,0,0,0,0,17,0,214,93,75,69,72,142,79,79,30,63,99,47,15,29,0,11,200
196,42101020500,1204,2673,72,0,0,22,0,0,0,0,0,0,0,0,0,0,0,0,0,0,0,0,0,0,0,0,0,41,0,0,0,0,0,0,0,0,0,0,0,40,0,0,0,339,100,155,85,54,56,13,51,54,116,95,13,33,40,0,0,210
197,42101020600,906,1761,62,0,0,5,0,5,0,0,0,0,0,0,0,7,0,0,10,0,5,0,0,38,0,25,0,10,0,0,0,0,0,12,0,6,0,0,0,0,0,27,0,145,43,60,16,60,80,14,24,20,39,140,40,38,34,69,84,78
198,42101020700,2280,5036,64,0,0,47,0,17,0,0,0,0,0,0,0,18,0,0,11,0,11,0,0,0,0,8,0,70,0,0,0,0,47,0,0,0,0,0,0,0,15,0,0,38,98,150,34,131,71,71,98,217,112,288,328,290,228,44,82,482
199,42101020800,1077,1750,104,0,0,39,0,0,0,25,0,0,0,0,0,0,0,0,0,0,20,105,34,10,0,68,0,41,0,0,8,0,0,0,0,0,0,0,0,0,0,21,0,200,72,75,27,87,39,84,44,41,82,92,124,59,13,0,38,26
200,42101020900,1233,2547,95,0,0,0,0,0,35,9,0,0,0,0,8,19,0,0,15,0,0,0,0,0,0,30,0,0,0,0,22,0,0,0,0,0,0,0,0,0,0,0,0,103,39,90,60,70,46,18,115,16,53,194,162,9,112,93,53,185
201,42101021000,2167,4536,50,0,0,0,0,18,0,33,0,0,0,0,0,49,17,0,0,0,0,0,0,0,0,10,0,0,0,0,0,0,0,21,0,0,0,0,0,0,0,0,0,144,151,106,84,21,140,29,65,93,204,241,319,216,120,213,21,313
202,42101021100,1001,1899,38,0,0,21,0,0,0,14,0,0,0,0,0,33,0,0,0,0,0,7,0,0,37,12,0,17,0,0,0,0,29,0,0,0,0,0,0,0,0,0,0,80,19,43,19,0,0,20,70,52,123,108,159,118,44,129,17,175
203,42101021200,922,1859,85,0,0,0,0,0,0,10,0,0,0,0,0,14,0,31,0,0,0,10,0,0,0,0,0,0,0,0,0,0,0,0,0,0,0,0,0,0,0,0,0,102,31,40,23,23,70,25,33,29,61,95,120,112,109,32,17,130
204,42101021300,1427,2730,59,0,0,35,0,23,0,9,0,13,0,0,0,45,0,0,0,0,0,0,0,0,0,47,0,0,0,0,0,0,0,0,0,0,0,0,0,0,0,0,0,47,101,70,120,9,76,54,25,37,210,188,298,76,68,25,23,285
205,42101021400,1444,2909,89,0,0,16,0,28,17,8,0,0,0,0,0,0,0,9,0,0,0,0,0,0,11,0,0,0,0,0,0,0,0,0,0,0,0,0,0,0,0,0,0,115,81,79,79,50,50,49,46,8,171,260,149,121,34,124,28,261
206,42101021500,1585,2820,71,0,0,0,0,33,0,41,0,0,0,0,0,60,0,0,0,84,0,0,0,10,7,112,0,31,0,0,0,0,0,12,0,0,0,0,0,67,0,12,0,49,48,83,48,33,33,98,76,13,197,207,283,184,72,100,61,277
207,42101021600,887,1543,79,0,0,0,0,42,16,0,0,0,0,0,12,0,0,12,12,0,0,0,0,0,11,0,0,0,0,0,0,0,0,32,0,0,0,0,0,0,12,9,0,84,96,44,45,17,34,19,54,65,24,123,124,65,47,14,32,112
208,42101021700,2378,5146,108,0,0,23,0,237,0,17,0,0,0,1,0,23,0,0,0,0,0,0,0,33,59,57,0,0,0,0,1,0,0,0,27,0,0,0,13,40,0,0,0,68,92,80,51,61,131,114,145,101,203,388,310,196,111,204,123,531
209,42101021800,1924,3381,233,0,0,0,0,0,33,17,0,0,0,0,17,0,0,0,0,0,0,12,0,0,0,97,0,0,0,0,0,0,0,22,37,0,0,0,0,12,0,0,0,266,11,53,54,103,52,26,188,123,215,294,233,75,92,95,44,162
210,42101021900,708,1274,6,0,0,0,0,18,0,0,0,5,0,0,0,0,0,26,0,0,0,0,14,0,0,5,0,0,0,0,8,0,0,0,0,0,0,0,0,0,0,0,0,54,54,14,17,0,18,31,25,42,36,49,135,58,118,43,14,81
211,42101022000,714,1424,108,0,0,11,0,0,0,18,0,0,0,0,0,0,0,0,0,0,13,0,0,0,0,0,0,8,18,0,0,0,0,0,23,0,0,0,20,27,0,0,0,37,10,47,15,48,21,8,42,32,61,41,54,96,75,78,49,128
212,42101023100,541,939,28,0,0,42,0,21,0,0,0,0,0,0,0,0,0,0,0,0,0,0,0,0,0,0,64,0,0,0,0,0,0,0,0,0,0,0,0,0,0,0,0,0,0,46,30,5,0,9,14,0,54,37,48,57,55,44,142,85
213,42101023500,560,1001,9,0,0,0,0,0,38,30,0,0,0,0,0,36,0,0,0,0,0,32,0,0,0,0,0,0,0,0,0,0,0,0,13,0,0,0,0,0,0,0,0,47,0,10,0,16,15,59,47,20,24,29,135,36,15,12,95,48
214,42101023600,1174,2808,68,0,0,40,0,0,0,0,0,0,0,0,0,0,0,5,0,0,0,0,0,11,0,0,0,9,0,0,0,0,0,0,0,0,0,0,0,0,10,26,0,32,29,15,99,13,25,43,41,34,49,125,161,101,87,126,194,243
215,42101023700,2290,3890,230,0,0,126,0,0,6,8,0,0,0,14,0,44,0,15,0,0,0,0,0,0,0,0,17,19,0,0,0,0,129,0,0,0,0,0,0,0,0,47,0,244,107,178,143,0,298,97,102,15,162,198,407,102,100,33,104,272
216,42101023800,2141,4014,130,0,0,20,27,56,0,22,0,0,0,0,2,0,0,0,0,0,0,0,0,50,0,0,0,8,0,0,0,0,0,0,0,0,0,0,0,0,0,0,0,184,170,284,256,112,128,150,34,76,221,103,136,104,46,73,64,307
217,42101023900,1039,1350,69,0,0,12,0,0,0,0,0,0,0,0,0,0,0,0,0,0,0,0,0,0,12,0,8,0,0,0,0,0,0,0,0,0,0,0,0,0,0,0,0,107,143,77,22,204,25,93,43,102,116,23,57,27,0,0,0,32
218,42101024000,1794,3249,145,0,0,53,20,0,0,23,0,0,0,0,0,18,0,0,0,0,0,0,0,0,0,0,0,17,0,0,0,0,43,0,0,5,0,0,0,0,29,0,0,294,255,96,72,109,100,41,66,12,66,276,129,71,63,52,92,153
219,42101024100,587,948,53,0,0,0,17,0,0,0,0,0,0,0,0,0,0,0,0,0,0,0,0,0,0,0,6,0,0,0,0,0,0,0,0,0,0,0,0,37,4,0,0,241,131,51,28,19,21,12,15,0,12,8,34,15,0,0,0,34
220,42101024200,1543,3793,41,0,0,0,0,0,0,0,0,0,0,0,18,0,0,0,0,0,0,0,0,0,0,0,0,0,0,0,0,0,0,0,0,0,0,0,0,0,0,24,0,395,94,104,155,80,205,49,24,8,131,100,64,55,17,62,0,233
221,42101024300,1791,3876,103,0,0,0,13,0,0,22,0,0,0,0,0,0,0,6,0,0,0,0,0,0,0,37,0,0,0,0,0,0,10,0,0,0,0,0,0,0,0,51,0,243,183,152,130,127,80,105,35,50,166,153,106,132,52,34,43,104
222,42101024400,984,2528,161,0,0,0,0,8,0,45,0,0,0,0,0,0,0,0,0,0,0,0,0,0,0,0,0,0,0,0,0,0,0,0,0,0,0,0,0,0,0,0,0,197,66,89,10,59,128,54,20,71,80,117,74,0,12,7,0,177
223,42101024500,1401,3196,59,0,0,0,0,0,0,0,0,0,0,4,0,0,0,0,0,0,0,0,0,0,0,6,0,0,0,0,0,0,0,0,0,0,0,0,0,24,0,0,0,362,122,76,55,78,117,60,63,82,82,90,144,9,28,7,26,257
224,42101024600,1175,2419,132,0,0,7,0,0,0,7,0,0,0,0,0,0,0,0,0,12,0,0,0,0,0,0,0,0,0,0,0,0,0,0,0,0,0,0,0,0,0,0,0,261,191,160,79,20,100,66,27,7,25,46,119,52,8,14,0,189
225,42101024700,1452,4090,83,0,0,20,10,4,0,0,7,0,0,3,0,22,0,0,0,0,0,0,0,12,0,0,0,0,0,0,0,0,0,0,0,0,0,0,0,10,0,2,0,294,210,174,102,154,76,80,39,18,99,32,133,11,19,11,0,279
226,42101024800,734,1909,163,0,0,0,0,0,0,0,0,0,0,0,0,0,0,0,0,0,0,0,0,0,0,0,0,0,0,0,0,0,0,0,0,0,0,0,0,18,0,0,0,178,19,22,23,47,62,49,77,35,111,40,25,24,22,0,0,187
227,42101024900,1067,3752,14,0,0,8,0,0,0,0,0,14,0,0,0,0,0,0,0,0,0,0,0,0,0,0,0,0,0,0,0,0,0,0,0,0,0,0,0,0,0,0,0,98,106,94,152,71,48,30,57,37,153,167,54,0,0,0,0,307
228,42101025200,2721,7051,106,0,0,34,77,0,0,0,0,0,0,11,0,0,0,0,0,0,0,0,0,0,0,0,0,0,0,0,0,0,6,0,0,0,0,0,0,0,0,0,0,397,133,137,280,210,255,98,237,63,207,228,303,22,91,60,0,431
229,42101025300,1543,3523,78,0,0,0,0,31,0,0,0,0,0,0,0,0,0,0,0,0,0,0,0,0,22,0,24,0,0,0,0,0,0,0,0,0,0,0,0,38,0,46,0,205,221,60,196,38,93,69,52,62,89,112,149,160,37,0,0,163
230,42101025400,1897,3949,152,0,0,0,12,0,0,14,0,0,0,0,0,0,0,0,0,0,0,0,0,0,0,0,0,0,0,0,0,0,0,0,15,0,0,0,0,0,63,0,0,179,145,130,10,115,86,49,113,61,179,178,209,166,97,144,36,212
231,42101025500,1096,2393,177,0,0,19,0,0,13,36,0,0,0,0,0,0,0,0,0,0,0,0,0,0,0,0,0,0,0,0,0,0,0,0,0,0,0,0,0,0,0,29,0,57,17,70,36,29,60,31,0,48,93,95,144,53,123,130,110,245
232,42101025600,1107,2469,90,0,0,0,0,0,0,0,0,8,0,0,22,0,0,0,0,0,0,0,0,0,0,8,8,11,0,0,0,0,14,0,0,10,0,0,0,0,51,0,0,65,75,31,55,7,36,12,54,23,82,185,148,90,82,121,41,230
233,42101025700,1653,2698,179,0,0,43,0,14,0,30,0,0,0,0,7,0,0,0,0,0,16,0,0,0,8,0,0,0,0,0,0,0,0,0,22,0,0,0,0,0,0,0,0,57,112,40,85,15,65,116,86,88,134,198,268,84,108,111,86,127
234,42101025800,739,1483,27,0,0,11,0,0,0,0,0,0,0,0,0,0,0,0,0,0,0,0,0,0,0,0,0,0,0,0,0,0,0,0,0,0,0,0,0,0,0,22,0,43,4,53,55,33,48,30,38,20,55,98,52,80,67,38,25,109
235,42101025900,2002,4021,22,0,0,41,25,0,0,0,0,0,0,0,0,0,0,0,0,0,0,0,0,0,55,25,0,0,0,0,0,0,0,0,0,0,0,0,0,0,0,51,0,193,197,49,155,232,88,117,99,155,202,146,253,73,43,0,0,283
236,42101026000,1129,2438,31,0,0,75,19,0,0,20,0,0,0,0,0,0,0,0,0,0,0,0,0,0,14,0,0,0,0,0,0,0,0,0,0,0,0,0,0,0,12,92,0,147,23,93,30,43,55,70,108,54,115,118,157,13,63,0,40,166
237,42101026100,1368,2565,9,0,0,0,0,0,0,0,0,0,0,0,0,0,0,0,0,0,0,0,0,0,0,0,0,0,0,0,0,0,0,0,0,0,0,0,0,0,0,8,0,158,61,46,70,39,25,133,47,59,139,157,199,112,41,63,19,136
238,42101026200,1864,4301,17,0,0,46,0,0,0,6,0,0,0,0,0,0,0,0,0,0,0,0,0,0,0,0,0,0,0,0,0,0,0,0,0,0,0,0,0,0,0,0,0,134,37,95,73,133,119,56,123,160,138,348,158,155,68,43,24,263
239,42101026301,1634,3651,43,0,0,26,52,0,0,0,0,0,0,0,0,0,0,0,0,0,0,0,0,0,0,0,0,0,0,0,0,0,0,0,0,0,0,0,0,0,0,0,0,225,31,146,66,56,105,139,93,63,153,194,208,101,30,24,0,172
240,42101026302,1963,4582,99,0,0,135,32,0,0,0,0,0,0,0,0,0,0,0,29,0,0,0,0,0,53,0,0,13,0,0,0,0,0,0,0,0,0,0,0,0,0,19,0,62,203,279,165,22,134,96,124,100,157,210,174,72,37,96,32,238
241,42101026400,2100,4733,10,0,0,138,93,0,0,1,0,0,0,0,0,0,0,0,0,0,0,0,0,0,88,12,0,0,0,0,0,0,0,0,0,0,0,0,0,0,0,0,0,171,254,168,115,97,85,44,130,122,337,141,193,142,28,73,0,312
242,42101026500,1697,4162,87,0,0,18,0,0,0,0,0,0,0,0,0,0,0,0,0,0,0,0,0,0,21,0,0,0,0,0,0,0,0,0,0,0,0,0,0,27,0,0,0,177,125,85,127,114,65,38,23,190,193,144,162,205,36,13,0,266
243,42101026600,2479,5980,114,0,0,0,12,0,0,0,0,0,0,0,0,0,0,0,0,0,0,0,0,0,0,0,0,0,0,0,0,0,0,0,0,0,0,0,0,0,15,29,0,272,117,129,58,131,154,139,249,136,312,232,403,97,26,0,24,356
244,42101026700,2659,6078,124,0,0,0,19,0,0,19,0,0,0,0,0,0,0,0,0,0,0,0,0,0,0,0,0,0,0,0,0,0,0,0,0,0,0,0,0,0,0,0,0,383,317,135,187,160,135,127,169,143,184,335,162,121,36,21,44,470
245,42101026800,1949,4303,131,0,0,85,0,0,0,6,0,0,0,0,0,0,0,0,0,0,0,0,0,0,0,57,6,45,0,0,0,0,0,0,0,0,0,0,0,24,0,65,0,324,256,139,24,103,112,82,172,82,126,101,201,182,43,0,2,196
246,42101026900,692,1901,56,0,5,6,6,0,0,0,0,0,0,0,0,3,0,0,0,0,0,6,0,5,29,0,6,5,0,0,0,0,26,0,0,0,0,0,0,6,0,36,5,94,59,82,15,37,0,0,46,24,44,43,130,50,34,13,21,124
247,42101027000,887,1817,72,0,0,13,0,0,0,0,0,0,0,0,0,0,0,22,0,0,0,0,0,0,0,79,0,15,12,0,0,0,0,0,0,0,0,8,0,0,0,7,0,94,71,23,50,13,57,29,45,40,86,68,140,49,49,49,24,101
248,42101027100,994,1822,301,0,0,5,355,0,0,0,0,0,0,6,0,0,0,4,0,0,0,0,0,0,0,111,0,7,64,0,0,0,280,0,0,0,0,0,0,0,0,0,0,89,67,50,18,48,79,65,73,63,93,103,128,62,56,0,0,99
249,42101027200,1827,3572,143,0,0,92,19,0,0,0,0,0,0,0,0,0,0,20,0,0,0,0,0,0,70,0,0,70,115,0,0,0,22,0,53,0,0,6,0,0,0,6,0,84,159,89,155,70,209,27,51,123,251,202,196,88,50,63,10,100
250,42101027300,2113,3507,855,0,0,73,95,0,0,9,0,21,0,0,0,0,13,0,0,0,0,0,86,0,0,330,0,350,482,0,0,0,215,0,355,0,0,0,0,0,0,0,0,240,130,128,132,168,30,121,143,146,113,173,227,255,39,24,44,286
251,42101027401,1082,1819,303,0,0,0,0,0,0,0,0,0,0,0,0,0,0,0,0,0,0,0,0,0,0,84,0,0,179,0,0,7,535,0,28,0,0,0,0,0,0,0,0,185,169,21,131,74,59,104,16,45,96,58,70,31,0,23,0,185
252,42101027402,2330,4119,1581,0,0,59,248,0,0,0,0,0,0,0,0,0,0,14,0,0,0,0,0,0,24,170,0,23,220,28,0,0,213,0,12,0,0,0,0,13,0,38,0,205,215,266,190,170,173,41,196,102,272,205,249,46,0,0,0,361
253,42101027500,1591,3163,449,0,0,31,73,0,0,22,0,0,0,0,7,0,0,0,0,0,0,0,29,0,0,38,0,0,111,0,0,35,225,0,0,0,0,0,41,0,0,0,0,224,33,101,97,208,98,20,71,55,199,112,282,51,8,11,21,287
254,42101027600,1661,3625,128,15,0,24,30,0,0,3,0,0,0,0,0,0,0,0,0,0,0,0,0,0,0,0,0,0,0,0,0,0,16,0,0,0,0,0,0,0,0,10,15,305,213,124,60,96,111,69,89,64,129,88,137,107,60,9,0,336
255,42101027700,2057,4527,37,0,0,0,0,0,0,0,0,0,0,0,0,0,0,0,0,0,0,0,0,0,0,0,0,75,0,0,0,0,19,0,0,0,0,0,0,0,0,0,0,302,436,132,156,62,102,83,93,102,102,140,172,90,69,16,0,264
256,42101027800,1977,4307,50,0,0,0,28,0,0,0,0,9,0,0,0,0,0,0,0,0,0,0,0,0,0,0,0,0,0,0,0,0,0,0,0,0,0,0,0,122,0,49,0,180,233,125,165,190,184,69,67,0,161,351,71,84,82,0,15,221
257,42101027901,1396,4246,71,0,0,20,27,0,0,11,0,0,0,0,0,0,0,0,0,0,0,0,0,0,0,0,0,53,0,0,0,55,0,0,0,0,0,0,0,0,0,0,0,140,191,81,83,107,148,147,131,78,104,85,72,29,0,0,0,230
258,42101027902,933,4112,246,0,0,16,0,0,0,6,0,0,0,18,0,4,0,4,0,0,19,0,21,0,0,19,0,18,0,0,4,0,15,0,9,14,0,0,0,0,0,0,0,160,81,106,69,31,49,120,5,91,87,86,23,25,0,0,0,150
259,42101028000,1697,3934,22,0,0,28,0,0,0,0,0,0,0,0,0,0,0,0,0,0,0,0,0,0,0,0,0,0,0,0,0,0,0,0,0,0,0,0,0,0,0,66,0,355,277,160,108,171,99,99,119,66,72,41,53,60,11,6,0,285
260,42101028100,1390,3212,10,0,0,13,0,0,0,0,0,0,0,0,0,0,0,6,0,0,0,0,0,0,0,0,0,3,0,0,12,0,14,0,0,0,0,0,0,11,0,0,0,326,151,66,84,42,93,66,110,77,75,87,171,20,10,0,12,216
261,42101028200,1969,4471,304,0,0,61,15,0,0,0,0,0,0,11,0,0,0,0,0,0,0,0,85,58,0,0,0,86,11,0,0,0,72,0,10,0,0,0,0,0,0,46,0,274,122,173,143,99,110,90,96,67,131,309,251,71,0,33,0,309
262,42101028300,2187,4778,344,0,0,37,0,0,0,0,0,0,0,0,0,0,0,0,0,0,0,0,0,0,0,158,0,0,95,0,0,0,23,0,0,0,0,0,0,0,0,100,0,411,296,246,162,194,54,107,96,133,104,84,133,79,30,46,12,382
263,42101028400,1345,2826,1159,0,0,0,0,27,0,0,0,0,0,0,0,0,0,0,0,0,0,0,0,0,14,0,0,0,0,0,84,0,0,0,0,0,0,0,0,0,0,0,0,237,160,138,178,58,39,79,52,42,62,176,80,11,28,5,0,249
264,42101028500,794,1007,767,0,0,7,0,0,0,6,0,0,0,0,0,0,0,0,0,0,0,0,0,0,0,0,0,14,194,0,16,39,145,0,0,0,0,0,0,0,0,4,0,205,106,71,4,45,114,31,3,0,87,37,71,10,0,10,0,86
265,42101028600,2216,4624,1527,0,0,0,78,0,0,0,0,0,0,0,0,0,0,0,0,0,0,0,34,0,0,55,0,0,152,0,0,100,0,0,29,0,0,0,0,152,0,124,0,506,220,80,273,150,36,143,174,73,122,228,133,47,16,15,0,394
266,42101028700,810,795,1600,0,0,0,0,0,0,0,0,0,0,0,0,0,0,0,0,0,0,0,0,0,0,0,0,0,0,0,0,0,0,0,0,0,0,0,0,0,0,0,0,237,104,79,47,42,0,28,15,111,28,66,29,19,5,0,0,122
267,42101028800,1393,1544,2197,0,0,0,137,8,0,8,0,0,0,0,0,9,0,10,0,0,0,0,0,0,0,10,0,0,318,0,0,0,0,0,29,0,0,0,0,139,0,0,0,352,76,139,122,113,71,82,71,95,28,100,95,42,0,0,7,141
268,42101028901,1214,1634,1978,0,0,0,40,0,0,0,0,0,0,0,0,0,0,0,0,0,0,0,0,0,0,0,0,0,98,0,0,0,178,0,0,0,0,0,0,1,0,0,0,112,171,65,107,100,134,107,9,46,108,113,132,0,0,10,0,137
269,42101028902,1830,2520,3085,0,0,55,4,0,0,0,0,0,0,0,0,0,0,0,0,0,0,0,0,0,0,86,0,0,289,0,0,0,0,88,0,0,0,0,0,177,0,0,0,456,114,86,191,105,85,34,12,161,124,240,125,42,5,50,0,263
270,42101029000,1911,2840,1582,0,0,40,31,20,0,0,0,0,0,0,0,10,0,11,0,0,0,0,21,0,0,339,0,47,773,0,0,0,76,52,20,0,0,0,0,40,12,0,0,298,163,163,145,157,145,88,61,59,112,232,142,90,22,34,0,226
271,42101029100,1423,2183,566,0,0,14,12,5,0,0,0,0,0,0,0,13,0,45,0,0,19,0,22,0,0,273,0,0,85,0,0,0,238,193,28,0,0,0,0,0,0,65,0,246,101,147,113,208,88,69,40,90,76,106,76,43,7,13,0,125
272,42101029200,1221,1890,632,0,0,0,128,75,0,18,0,0,0,0,0,7,0,0,0,0,0,0,0,0,20,8,0,0,0,0,0,0,113,0,73,39,0,18,0,0,0,0,0,171,103,51,112,166,98,59,113,24,48,103,48,71,19,26,9,171
273,42101029300,956,1479,967,0,0,7,0,41,0,0,0,0,0,19,0,0,0,0,0,0,0,0,0,0,0,55,0,0,0,0,0,0,0,0,0,1,0,0,0,0,0,0,0,272,80,131,0,104,40,62,15,38,28,78,58,11,14,25,0,180
274,42101029400,1208,2429,832,0,0,5,53,56,0,0,0,0,0,0,0,12,0,0,0,0,0,0,0,0,15,0,0,0,0,0,0,0,0,0,0,0,0,0,0,0,0,0,0,301,137,100,86,83,169,81,43,55,68,41,24,20,0,0,0,294
275,42101029800,1706,3046,1202,0,0,0,25,24,0,10,0,0,0,0,0,87,0,0,0,0,0,0,0,0,0,0,0,0,0,0,0,0,0,32,0,0,0,0,0,0,0,0,0,320,218,131,211,91,88,85,75,23,223,43,110,88,0,0,0,319
276,42101029900,1544,2734,856,0,0,8,17,61,0,0,0,0,0,0,0,19,0,0,0,0,0,0,0,0,0,104,0,0,0,0,0,0,0,8,0,0,0,7,0,25,0,35,0,254,262,178,145,143,84,77,36,62,104,101,84,0,7,0,7,326
277,42101030000,2630,5955,937,0,0,41,0,0,64,0,0,0,0,0,0,0,0,0,0,0,0,0,0,40,0,0,0,0,0,0,0,0,0,0,83,0,0,0,0,0,0,144,0,570,193,214,209,218,66,185,193,66,76,389,121,16,46,53,15,830
278,42101030100,1950,3704,1104,0,0,161,0,0,0,0,0,0,0,0,0,0,0,0,0,0,0,0,0,0,0,18,0,0,0,0,0,0,0,0,0,0,0,0,0,0,0,0,0,286,141,118,152,235,100,131,144,22,250,104,111,100,34,22,0,378
279,42101030200,2315,4364,1220,0,0,75,293,0,0,14,0,0,0,0,0,47,0,132,0,0,0,0,0,0,0,28,0,0,0,0,0,0,105,0,7,0,0,0,0,0,0,36,0,371,74,139,183,206,145,188,107,106,227,153,138,93,41,111,33,489
280,42101030501,1819,3417,804,0,0,0,271,0,85,0,0,0,0,0,0,13,0,0,0,0,0,0,0,0,0,0,0,0,0,0,0,0,0,0,0,18,0,0,0,0,0,0,0,261,51,204,73,84,224,63,110,53,196,254,116,105,0,25,0,214
281,42101030502,2028,3765,839,0,0,106,283,0,0,0,11,0,0,0,0,0,0,21,0,0,0,0,0,0,0,199,0,0,34,0,0,0,279,32,0,0,0,0,0,0,0,0,0,187,140,352,52,47,70,179,86,96,92,188,352,111,20,45,11,281
282,42101030600,2759,5344,990,0,0,49,186,0,30,7,29,3,0,0,0,0,0,4,0,0,0,0,0,0,0,88,0,4,263,0,0,0,12,0,0,6,0,0,0,118,10,15,0,284,138,172,371,156,215,63,335,89,176,248,241,119,46,67,39,435
283,42101030700,1419,2515,249,0,0,75,0,33,31,34,22,0,0,0,341,18,0,11,0,0,0,0,0,0,98,42,0,30,0,0,0,0,0,0,0,0,0,0,0,18,0,0,0,91,176,147,53,55,16,50,104,53,131,248,143,110,18,24,0,146
284,42101030800,1697,3630,309,0,0,32,0,56,55,32,20,0,0,0,18,0,0,12,0,0,0,0,0,0,106,122,0,83,25,0,0,0,12,161,0,0,0,0,0,47,0,9,0,85,38,77,56,102,96,77,64,95,285,299,212,104,54,47,6,294
285,42101030900,1318,1845,1118,0,0,90,162,0,187,9,0,0,0,0,0,15,0,0,0,0,0,0,0,0,51,248,0,0,0,0,0,0,15,192,0,0,0,0,0,132,0,0,0,114,75,51,103,97,46,191,4,91,105,217,120,62,11,31,0,190
286,42101031000,2166,4045,1144,0,0,0,119,0,454,13,13,10,0,65,0,14,53,84,62,0,0,12,151,0,71,267,0,0,27,0,0,0,343,182,0,0,0,0,0,95,0,39,0,174,16,138,125,103,97,131,140,65,196,154,342,201,170,73,41,409
287,42101031101,1484,2674,581,0,0,24,97,0,121,0,7,0,0,0,34,0,0,17,0,0,0,0,84,111,0,75,0,36,0,0,0,0,246,230,0,0,0,0,0,0,0,36,0,234,114,57,147,75,185,74,102,43,87,140,124,71,31,0,0,250
288,42101031102,1457,2134,907,0,0,0,283,0,0,0,0,0,0,0,0,0,0,0,0,0,0,0,0,0,0,267,0,0,0,0,0,0,0,0,0,0,0,0,0,7,0,198,0,177,95,71,82,157,181,153,52,115,133,104,28,73,36,0,0,277
289,42101031200,1632,2492,1054,0,0,0,173,7,0,0,7,0,0,0,16,12,0,30,0,4,77,0,0,0,0,92,0,0,0,0,0,9,158,18,12,0,0,0,0,155,0,26,0,276,160,125,122,65,94,29,76,10,156,179,210,125,5,0,0,152
290,42101031300,2122,2820,802,0,0,98,138,37,309,55,64,0,0,28,50,0,0,80,0,0,68,0,57,67,41,761,0,21,0,0,0,0,47,43,24,0,0,0,0,135,0,0,0,419,227,192,153,117,137,49,183,20,150,118,196,7,73,36,45,257
291,42101031401,2067,3373,620,0,0,0,187,0,90,0,71,0,0,26,87,22,0,0,0,0,0,0,0,67,0,1019,0,142,11,0,0,0,219,34,0,0,0,0,0,304,0,0,0,161,39,158,154,237,292,65,33,146,163,148,241,129,86,15,0,257
292,42101031402,1777,2857,376,0,0,0,32,113,180,0,12,0,0,33,75,72,0,52,0,0,0,0,94,21,162,865,0,0,0,0,0,25,111,152,0,0,0,0,0,167,0,0,0,198,69,231,148,62,153,106,67,83,218,181,154,85,5,0,17,260
293,42101031501,2229,4023,396,0,0,22,0,14,106,0,0,0,0,0,0,13,0,0,0,0,0,0,0,0,501,262,0,0,0,0,23,0,0,0,0,0,0,0,0,0,0,0,0,233,96,45,215,148,75,199,43,25,247,369,269,94,145,14,12,489
294,42101031502,1413,2682,175,0,0,0,108,31,0,0,0,0,0,0,0,9,0,0,0,0,0,0,77,8,0,86,0,0,0,0,0,0,84,0,0,9,0,0,0,119,0,39,0,137,30,101,137,28,33,66,131,75,193,197,121,103,48,13,0,315
295,42101031600,2132,4287,524,0,0,32,0,0,0,57,0,0,0,0,23,86,0,0,0,0,0,0,0,0,96,87,0,0,0,0,0,0,263,0,0,0,0,0,0,75,0,0,0,183,10,107,204,251,218,145,74,113,176,119,242,121,107,33,29,410
296,42101031700,2148,3641,625,0,0,93,0,0,0,0,0,0,0,0,0,15,0,33,0,0,0,0,0,0,0,931,0,0,0,0,17,0,44,0,0,0,0,0,0,0,0,0,0,116,180,105,246,189,10,145,108,52,253,313,221,130,47,13,20,326
297,42101031800,1451,2170,656,0,0,0,180,0,26,0,0,0,0,0,8,49,0,0,0,0,0,20,0,0,0,72,0,0,37,0,0,0,145,0,45,0,0,0,0,17,0,9,0,108,144,93,78,251,101,74,46,66,161,121,122,58,28,0,0,251
298,42101031900,1631,3120,1036,0,0,0,0,16,0,0,7,0,0,0,14,10,0,0,0,0,0,0,0,0,43,26,0,0,0,0,0,0,12,0,0,0,0,0,0,9,0,0,0,174,148,131,106,83,58,121,151,43,145,173,178,53,7,44,16,290
299,42101032000,2538,5618,653,0,0,23,0,45,0,0,0,0,0,0,0,13,0,0,0,0,0,0,0,14,145,50,0,0,27,0,0,0,141,0,0,0,0,0,13,0,0,0,0,183,333,60,137,235,226,149,264,21,260,256,162,102,95,55,0,521
300,42101032100,1421,3680,399,0,0,36,0,0,58,0,0,0,0,0,0,0,0,0,0,0,0,0,9,0,0,0,0,0,0,0,0,0,0,0,0,0,0,0,0,0,0,14,0,181,39,126,104,57,135,124,110,76,119,97,140,75,38,0,0,304
301,42101032300,1323,2488,290,0,0,0,0,0,42,0,0,0,0,0,0,7,0,17,0,0,0,0,73,0,0,0,0,0,0,0,0,0,0,0,0,0,0,0,0,0,0,0,0,205,121,45,50,164,82,84,62,91,190,69,109,51,0,0,0,271
302,42101032500,2094,4958,366,0,0,29,161,14,0,0,0,0,0,0,48,0,0,14,0,0,0,0,20,0,0,58,0,0,28,0,0,0,0,0,26,0,0,0,0,0,0,0,0,192,198,116,133,165,234,193,126,130,206,105,158,92,22,24,0,461
303,42101032600,2366,5039,629,0,0,0,0,36,0,23,0,43,0,14,0,76,0,0,0,0,0,0,0,0,105,109,0,0,0,0,0,0,0,0,0,0,0,0,0,108,0,0,0,365,151,146,131,113,153,131,72,35,275,176,356,141,88,17,16,526
304,42101032900,1661,3179,398,0,0,0,0,11,12,13,0,0,0,26,0,10,0,11,0,0,0,0,0,0,0,177,0,7,0,0,0,0,0,77,15,0,0,0,0,0,0,0,0,139,240,152,74,106,111,123,99,27,155,183,173,13,31,35,0,295
305,42101033000,2668,6219,845,0,0,125,95,9,0,23,0,0,0,0,55,18,53,91,0,0,0,28,0,0,216,0,0,0,0,0,0,0,0,0,0,0,0,0,0,0,0,0,0,355,163,166,228,43,151,240,121,126,281,196,401,80,83,34,0,577
306,42101033101,1837,4374,240,0,0,66,0,29,0,21,0,0,0,14,0,0,0,0,0,0,0,0,0,0,13,0,0,0,0,0,0,0,0,0,0,0,0,0,0,0,0,19,0,112,11,45,153,113,127,59,82,80,222,354,230,142,70,30,7,327
307,42101033102,1677,3403,24,0,0,0,0,10,0,0,0,0,0,23,0,30,34,0,0,0,0,0,12,0,92,25,0,0,0,0,0,0,0,52,0,0,0,0,0,0,0,0,0,100,109,154,121,77,152,59,42,196,127,154,209,52,78,20,27,400
308,42101033200,903,1949,87,0,0,0,0,31,35,19,0,0,0,0,0,9,0,4,0,0,0,0,0,0,119,115,0,0,0,0,0,0,0,0,23,125,0,0,0,23,0,0,0,87,66,36,26,31,18,31,61,45,85,77,123,86,68,53,10,269
309,42101033300,1726,3270,215,0,0,0,0,102,12,0,0,0,0,0,75,13,0,12,0,0,0,0,33,44,0,18,0,0,0,0,0,0,55,13,49,0,0,0,0,136,31,0,0,169,158,65,156,63,126,64,111,46,117,184,209,150,49,59,0,324
310,42101033400,1973,3031,405,0,36,46,118,0,95,16,9,0,0,20,89,14,0,30,0,0,25,0,32,10,261,480,0,20,0,0,0,0,15,11,32,0,0,0,0,22,0,0,36,205,172,166,95,84,133,65,155,117,137,258,193,139,30,15,9,216
311,42101033500,1289,2066,281,0,0,171,114,49,180,0,0,0,0,0,6,22,0,19,0,0,0,0,112,0,116,174,0,0,0,0,0,0,0,41,10,0,0,0,10,0,0,94,0,57,51,90,95,59,27,47,46,42,200,154,182,107,58,62,12,230
312,42101033600,2665,4568,478,0,0,0,37,63,285,0,52,0,0,43,129,12,0,115,0,0,0,0,0,109,338,173,0,16,64,0,0,0,37,109,0,0,0,0,0,64,11,11,0,346,63,68,190,102,132,123,173,87,239,254,381,210,111,146,40,346
313,42101033701,2096,1927,295,0,0,3,0,0,121,0,32,0,0,0,796,47,0,322,0,0,0,45,0,0,234,19,0,0,0,0,0,0,147,111,0,0,0,0,0,246,285,0,0,451,278,117,87,189,90,32,29,84,221,119,175,38,110,45,31,192
314,42101033702,1925,3483,173,0,0,43,0,0,221,12,3,0,0,0,372,0,16,77,0,0,79,41,22,0,31,142,0,33,0,0,0,0,83,186,38,0,0,0,23,90,0,0,0,66,95,74,13,132,101,65,35,84,175,230,360,278,134,83,0,346
315,42101033800,2476,4131,570,0,0,51,76,169,214,80,33,0,0,0,175,0,30,146,0,0,0,0,0,0,74,0,0,0,0,0,0,0,0,186,0,0,0,0,0,15,0,30,0,173,177,113,197,270,88,149,122,231,113,204,295,165,58,49,72,383
316,42101033900,1201,2410,160,0,0,12,0,13,0,21,0,0,0,0,0,0,10,70,0,0,0,0,0,0,12,37,0,0,0,0,0,44,10,0,14,0,0,0,0,0,0,89,0,103,11,100,18,108,56,116,66,69,88,110,153,103,27,55,18,190
317,42101034000,1084,2103,208,0,0,0,0,0,32,58,0,0,10,0,0,0,0,17,0,0,104,193,0,0,5,49,0,48,0,0,0,0,0,0,0,0,0,0,0,28,0,0,0,49,25,125,23,34,62,35,64,60,97,113,102,107,126,27,35,266
318,42101034100,2367,5407,243,0,0,32,0,4,0,37,0,18,0,0,0,37,0,64,0,0,0,42,0,0,12,0,0,0,0,0,0,0,0,27,0,15,0,0,0,0,0,0,0,130,129,53,216,173,124,128,109,92,251,308,333,107,88,114,12,324
319,42101034200,1492,3070,53,0,0,16,0,15,0,19,0,0,0,0,0,0,0,13,0,0,0,0,0,0,30,0,0,0,0,0,0,0,0,33,6,0,0,0,0,5,0,0,0,41,89,91,116,58,107,151,107,67,112,139,227,49,34,69,35,253
320,42101034400,2534,6133,84,0,0,0,0,79,22,0,0,0,0,46,115,10,0,12,0,0,179,0,25,43,0,44,0,0,0,0,0,0,0,343,0,0,0,0,0,48,85,0,0,150,58,104,128,52,159,119,101,112,67,114,330,313,279,364,84,588
321,42101034501,1879,1601,391,0,0,0,0,24,0,0,37,0,0,37,434,14,0,63,0,0,196,38,0,95,52,0,0,15,0,0,0,0,0,317,0,0,0,0,0,0,32,11,0,259,245,187,210,233,164,55,140,40,109,83,99,11,29,0,15,55
322,42101034502,2229,2652,529,27,0,47,0,0,48,0,22,0,0,16,538,0,0,164,0,0,259,0,0,147,0,0,0,34,0,0,0,0,0,57,31,0,0,0,15,50,27,0,27,206,140,125,204,148,79,188,172,62,215,225,296,86,40,43,0,180
323,42101034600,1204,1575,267,0,0,15,15,0,0,0,18,25,0,0,56,52,0,0,0,0,119,37,21,18,39,0,0,0,0,0,0,0,56,14,0,0,0,0,0,0,9,48,0,78,163,56,87,73,105,63,81,74,72,104,122,106,0,20,0,31
324,42101034701,2395,4481,413,0,0,12,0,6,100,0,0,0,0,0,60,119,0,86,0,0,89,170,0,0,69,0,0,31,0,0,0,0,0,491,29,0,0,0,0,46,0,0,0,225,97,107,107,102,85,196,62,64,209,254,333,391,145,18,0,487
325,42101034702,1445,2954,90,0,0,10,0,89,222,24,24,0,0,50,144,57,17,0,0,0,0,0,0,0,0,0,0,53,0,0,0,0,0,88,0,0,0,0,0,69,0,0,0,18,89,41,8,133,76,58,111,48,103,192,230,116,65,88,69,282
326,42101034801,1921,3713,0,17,0,0,0,10,0,47,0,0,0,8,0,14,12,11,0,0,0,0,0,0,29,26,0,0,0,0,0,0,0,0,0,13,0,0,0,35,0,26,17,81,80,107,151,185,151,106,170,79,157,119,321,144,26,35,9,189
327,42101034802,2135,4281,225,0,0,0,0,0,0,12,0,0,0,0,51,0,0,19,0,0,0,0,0,0,163,0,0,0,0,0,0,0,40,0,0,0,0,0,0,22,0,0,0,316,165,206,131,114,64,64,67,178,270,177,189,70,17,86,21,421
328,42101034803,1674,3802,286,0,0,0,0,40,0,10,0,0,0,0,57,19,0,0,0,0,0,0,0,20,13,59,0,0,0,0,0,0,31,5,31,0,0,0,0,0,0,52,0,81,71,40,55,72,89,146,107,38,135,235,264,88,102,79,72,467
329,42101034900,2150,5075,396,0,0,7,151,28,0,0,0,0,0,0,46,14,0,0,0,0,0,0,0,0,17,49,10,0,0,0,0,0,154,0,0,0,0,0,0,36,0,30,0,316,150,80,166,110,160,62,132,41,208,228,327,86,24,60,0,494
330,42101035100,2011,3044,62,0,0,0,0,0,0,28,17,0,0,0,15,0,0,0,0,0,0,0,0,0,0,36,0,0,0,0,0,0,14,0,13,0,0,0,0,0,0,0,0,83,126,102,196,160,59,202,123,48,244,162,221,102,78,52,53,159
331,42101035200,1663,3789,203,0,0,0,0,35,0,11,0,0,0,7,0,0,0,68,0,0,0,0,0,0,13,243,0,0,50,0,0,0,0,46,0,0,0,0,0,0,0,20,0,107,48,77,90,42,55,85,16,53,109,108,266,273,172,104,58,447
332,42101035301,1993,4554,91,0,0,16,0,36,12,14,0,0,0,0,0,8,0,0,0,0,0,0,0,0,0,152,32,0,0,0,0,0,0,0,0,0,0,0,0,0,0,0,0,91,102,99,51,105,50,48,62,122,113,368,435,224,69,42,12,504
333,42101035302,1888,4049,82,0,0,30,0,10,0,26,0,0,0,15,0,0,5,0,0,0,16,9,0,0,0,50,0,0,0,0,0,0,0,3,0,0,0,0,0,0,0,0,0,136,117,102,108,84,57,103,51,42,194,113,425,153,69,116,18,407
334,42101035500,2914,3605,192,0,0,28,0,124,408,53,50,0,0,34,820,53,0,113,0,124,305,15,44,7,316,32,0,110,0,0,0,0,0,241,41,0,0,0,0,0,0,0,0,423,119,58,63,235,135,116,144,128,229,254,457,311,130,68,44,463
335,42101035601,2362,3226,183,0,0,0,0,208,88,45,14,7,0,0,628,0,0,100,0,0,0,0,0,0,0,102,0,0,0,0,0,0,115,138,0,0,0,0,26,0,101,0,0,237,177,146,93,95,171,69,137,79,228,201,232,254,109,69,65,268
336,42101035602,1239,2307,75,0,0,0,0,48,39,1,0,0,0,0,204,41,0,32,0,0,0,62,0,21,0,66,0,38,0,0,0,0,2,456,34,0,0,0,0,0,25,0,0,92,35,55,32,87,0,10,33,0,212,163,117,95,99,85,124,231
337,42101035701,1934,1488,52,0,12,0,0,0,100,0,0,0,0,0,808,0,66,390,0,0,86,91,58,37,98,46,0,0,0,0,0,0,0,854,0,0,0,0,0,0,57,0,12,292,104,108,113,118,139,144,108,121,177,213,169,85,21,13,9,101
338,42101035702,1639,1466,125,0,0,0,0,0,22,0,26,0,0,0,888,10,0,442,94,0,37,26,0,0,63,0,0,0,0,0,0,0,0,275,0,0,0,0,0,76,36,0,0,200,117,106,87,106,73,87,115,104,102,185,264,37,26,30,0,115
339,42101035800,2256,3061,83,0,0,16,0,28,363,41,0,0,0,0,1135,24,0,430,0,0,0,267,0,0,0,63,0,0,59,0,0,0,0,206,49,17,0,0,0,21,0,0,0,136,95,89,55,142,79,74,121,175,220,96,351,182,239,155,47,392
340,42101035900,2089,2958,52,0,0,0,0,12,0,0,0,0,0,0,775,215,0,95,0,63,174,0,0,82,29,82,0,14,112,0,0,0,0,186,0,0,0,0,0,0,36,39,0,209,136,152,150,44,57,126,91,134,154,170,246,130,97,124,69,283
341,42101036000,1032,1576,59,0,0,0,0,15,13,0,0,4,0,4,185,48,24,58,0,0,132,72,0,0,20,0,0,0,0,0,0,0,121,310,57,10,0,0,0,44,0,0,0,154,70,68,84,27,7,21,42,50,61,115,187,36,37,30,43,114
342,42101036100,1513,3298,137,0,0,0,0,0,0,0,0,0,0,0,6,29,0,0,0,0,0,9,0,0,179,52,7,17,0,0,0,0,29,25,0,0,0,0,0,0,1,16,0,39,33,100,79,168,48,65,110,21,121,236,256,151,25,61,0,385
343,42101036201,1987,4386,28,0,0,0,0,21,0,0,0,0,0,0,0,12,0,13,12,0,0,0,0,0,24,0,0,0,0,0,20,0,0,61,0,44,0,0,0,0,0,61,0,15,51,81,54,118,150,162,81,149,300,336,278,68,75,69,0,394
344,42101036202,2247,5492,192,0,0,34,0,43,0,77,0,0,0,0,88,14,0,12,0,0,26,9,49,24,0,91,0,0,0,0,0,0,31,13,0,0,0,0,0,0,0,0,0,41,65,47,197,87,83,128,77,60,166,282,329,413,127,113,32,606
345,42101036203,1806,4046,194,0,0,0,0,17,0,21,0,0,0,31,20,0,14,0,0,0,83,0,0,0,0,34,12,0,0,0,0,0,38,0,0,0,0,0,0,0,0,0,0,90,189,78,133,89,30,9,132,108,65,207,288,94,115,101,78,512
346,42101036301,1284,3003,100,0,0,0,0,30,0,16,0,0,0,0,0,32,0,91,0,0,0,19,0,27,0,148,0,0,0,0,0,0,0,0,25,0,0,0,0,0,0,0,0,45,10,32,118,38,45,66,158,52,159,132,130,112,108,22,57,350
347,42101036302,1236,2814,359,0,0,8,0,0,0,14,0,0,1,0,70,0,0,0,0,0,0,0,0,18,0,0,0,0,0,0,0,0,0,0,0,45,0,0,0,0,0,23,0,10,54,62,146,20,45,112,43,13,56,219,287,41,49,73,6,281
348,42101036303,2335,5481,103,0,0,0,0,16,0,15,0,0,0,0,68,11,189,0,0,0,0,0,0,69,0,68,0,0,43,0,0,0,0,33,19,0,0,0,0,0,0,0,0,90,56,10,160,106,109,98,157,137,240,354,391,197,115,64,51,685
349,42101036400,53,287,35,0,0,0,0,0,0,0,0,0,0,24,0,0,0,0,0,0,0,0,0,0,0,17,0,0,0,0,0,0,0,0,0,0,0,0,0,0,0,0,0,0,0,0,0,0,9,4,0,4,0,3,3,4,9,4,13,19
350,42101036501,2218,4179,273,0,30,5,0,10,0,0,0,51,0,0,420,56,0,56,0,31,38,0,0,18,15,0,0,15,0,0,0,0,0,0,30,0,0,0,30,74,0,5,30,179,241,116,64,95,140,0,108,146,69,172,305,53,255,142,133,232
351,42101036502,1387,3352,80,0,0,0,0,0,23,19,0,0,0,15,72,0,0,15,0,0,0,13,0,28,0,0,0,0,0,0,0,0,0,0,70,0,0,0,0,0,0,0,0,58,11,8,33,47,77,61,24,47,167,117,267,192,132,109,37,292
352,42101036600,842,1117,18,0,0,17,0,0,22,12,0,0,0,0,7,0,0,36,0,0,0,0,0,122,0,28,0,55,19,0,0,0,0,16,0,0,0,0,0,0,0,0,0,13,8,0,0,16,9,0,8,14,20,109,95,120,104,155,171,12
353,42101036700,1205,2038,92,0,0,24,0,0,16,6,0,0,0,0,0,0,0,4,0,0,0,0,0,0,0,5,0,0,0,0,0,0,0,27,8,0,0,0,0,0,0,0,0,12,43,29,8,46,6,25,63,10,146,119,236,101,114,76,171,200
354,42101036900,592,3619,266,18,0,27,0,15,23,25,4,0,0,4,108,0,0,13,0,0,98,86,56,25,0,534,27,241,0,0,27,0,36,76,119,0,0,17,0,148,15,0,18,178,17,32,0,31,27,0,10,22,31,59,32,22,18,68,45,4
355,42101037200,1706,3217,94,0,0,5,0,128,0,15,0,0,0,0,0,0,0,65,0,0,0,0,0,0,0,368,0,0,77,0,0,12,47,0,41,0,0,0,0,0,0,0,0,101,155,116,153,63,23,119,91,69,152,252,180,69,66,26,71,323
356,42101037300,2252,3688,101,0,0,11,0,454,0,0,0,0,0,0,13,0,0,0,0,0,0,0,0,6,0,119,0,0,0,0,0,0,26,46,39,84,0,0,0,0,0,0,0,120,86,148,156,96,177,132,147,112,104,285,171,193,92,165,68,358
357,42101037500,1532,3332,131,0,0,34,0,97,0,27,5,0,0,0,9,9,0,0,5,0,12,7,0,7,50,37,0,0,0,0,0,0,0,0,12,0,0,0,0,65,157,72,0,202,32,94,56,59,30,65,43,43,85,149,190,208,47,98,131,146
358,42101037600,963,1508,257,0,0,28,0,0,13,0,0,0,0,0,8,0,0,0,0,0,0,6,0,0,0,255,37,15,7,0,0,0,0,27,0,0,0,0,0,26,8,0,0,81,65,37,60,32,53,43,10,74,93,172,34,120,32,5,52,30
359,42101037700,1189,3553,668,0,0,13,23,0,0,1,0,0,0,0,8,0,0,0,0,0,28,0,33,38,0,49,0,16,0,0,0,0,0,8,0,0,0,0,0,0,287,48,0,359,199,133,72,13,67,10,69,57,55,8,113,32,2,0,0,160
360,42101037800,914,1470,281,0,0,0,0,0,0,6,0,0,1,21,33,21,0,0,0,0,0,0,0,0,0,0,0,0,0,0,0,0,0,0,0,0,0,0,0,31,0,0,0,122,118,55,32,11,29,67,20,38,64,115,116,55,43,0,29,199
361,42101037900,1920,3130,380,0,0,0,0,0,11,31,0,0,0,10,26,579,51,27,0,0,0,0,0,33,35,11,0,0,0,0,0,0,24,0,0,0,0,0,0,0,0,0,0,250,214,158,64,245,72,80,66,78,173,157,213,84,36,21,9,542
362,42101038000,808,1824,200,0,0,5,12,0,0,0,0,0,0,0,0,83,0,0,0,0,0,0,0,14,0,21,0,0,0,0,0,0,0,0,0,0,0,0,0,5,23,0,0,57,85,67,69,59,29,30,45,37,62,190,19,50,9,0,0,180
363,42101038100,247,686,52,0,0,1,7,0,0,0,0,0,0,0,0,23,0,0,0,0,0,0,0,0,0,0,0,0,0,0,0,0,6,0,0,1,0,0,0,0,0,0,0,69,9,20,25,34,15,8,5,0,7,45,8,2,0,0,0,56
364,42101038200,909,1350,783,0,0,0,0,10,0,3,0,0,0,0,9,95,13,0,0,0,0,0,0,0,39,0,0,0,0,0,0,0,38,0,8,0,0,0,0,1,0,0,0,129,128,96,48,114,46,40,36,29,67,62,95,19,0,0,0,235
365,42101038300,912,1228,2029,0,0,0,0,0,0,7,0,0,0,0,0,0,0,0,0,0,0,0,0,0,0,0,0,0,0,0,0,0,0,0,0,0,0,0,0,11,0,4,0,278,130,41,46,78,61,39,64,11,1,91,19,53,0,0,0,133
366,42101038400,896,2110,95,0,0,10,0,22,0,10,0,0,0,0,0,0,10,0,0,0,18,0,0,0,0,0,14,0,0,0,6,0,0,0,37,0,0,0,20,0,0,0,0,62,19,40,9,49,41,43,28,5,48,100,82,97,31,151,91,192
367,42101038500,826,1587,18,0,0,12,0,0,0,23,0,0,0,0,16,8,0,0,0,0,0,0,0,0,0,3,0,17,0,0,0,0,0,53,0,0,0,0,0,0,15,0,0,33,23,8,0,48,40,9,5,22,61,55,119,68,48,64,223,143
368,42101038600,603,1297,14,0,0,25,0,0,0,5,0,0,0,0,0,18,0,0,0,0,0,0,0,0,0,0,0,0,0,0,0,0,0,0,0,0,0,0,0,0,14,0,0,15,0,18,0,24,66,15,14,18,21,35,52,57,52,51,165,119
369,42101038700,647,1908,22,0,0,27,0,49,0,29,0,5,0,0,9,0,0,0,0,0,0,0,13,12,0,0,21,0,5,0,5,0,0,0,0,12,0,0,0,0,4,0,0,25,17,9,0,15,21,13,42,8,14,73,70,41,66,69,164,175
370,42101038800,1668,2615,149,0,0,118,0,27,0,25,0,0,0,10,17,0,0,0,0,0,0,22,0,45,0,19,0,0,0,0,0,0,0,0,29,0,0,0,0,23,17,10,0,126,126,57,89,49,19,20,38,103,78,137,241,179,204,135,67,399
371,42101038900,1174,2746,21,0,0,18,152,0,10,0,0,0,0,0,0,0,0,0,0,0,0,0,0,0,0,15,10,0,0,0,0,0,0,0,0,0,0,0,0,0,0,50,0,117,105,82,61,54,53,54,82,53,156,167,87,43,41,4,15,175
372,42101039000,2445,4713,1195,0,0,45,515,0,0,0,0,0,0,0,0,0,0,0,0,0,0,0,0,0,0,32,0,0,0,0,0,0,81,0,0,0,0,0,0,0,30,166,0,521,128,126,256,104,218,221,85,52,178,255,127,121,17,25,11,419
373,42101980000,133,811,21,0,0,0,0,0,15,0,0,0,0,0,9,0,0,0,0,0,73,21,0,0,0,15,0,0,0,0,0,0,0,110,0,0,0,0,0,0,12,0,0,57,6,5,13,0,4,11,0,0,10,13,8,0,6,0,0,55
374,42101980100,34,47,4,0,0,0,0,0,0,0,0,0,0,0,0,0,0,0,0,0,0,0,0,0,0,0,0,0,0,0,0,0,0,0,0,0,0,0,0,0,0,0,0,0,0,0,10,0,0,0,0,15,3,3,0,0,0,3,0,15
375,42101980200,26,231,0,0,0,0,0,0,0,0,0,0,0,0,0,11,0,0,0,0,0,0,0,0,0,0,0,0,0,0,0,0,0,0,0,0,0,0,0,0,0,0,0,0,0,0,0,4,0,0,3,0,0,0,3,0,9,0,7,38
376,42101980300,0,0,0,0,0,0,0,0,0,0,0,0,0,0,0,0,0,0,0,0,0,0,0,0,0,0,0,0,0,0,0,0,0,0,0,0,0,0,0,0,0,0,0,0,0,0,0,0,0,0,0,0,0,0,0,0,0,0,0,19
377,42101980400,0,0,0,0,0,0,0,0,0,0,0,0,0,0,0,0,0,0,0,0,0,0,0,0,0,0,0,0,0,0,0,0,0,0,0,0,0,0,0,0,0,0,0,0,0,0,0,0,0,0,0,0,0,0,0,0,0,0,0,0
378,42101980500,0,0,0,0,0,0,0,0,0,0,0,0,0,0,0,0,0,0,0,0,0,0,0,0,0,0,0,0,0,0,0,0,0,0,0,0,0,0,0,0,0,0,0,0,0,0,0,0,0,0,0,0,0,0,0,0,0,0,0,33
379,42101980600,0,0,0,0,0,0,0,0,0,0,0,0,0,0,0,0,0,0,0,0,0,0,0,0,0,0,0,0,0,0,0,0,0,0,0,0,0,0,0,0,0,0,0,0,0,0,0,0,0,0,0,0,0,0,0,0,0,0,0,0
380,42101980700,0,0,0,0,0,0,0,0,0,0,0,0,0,0,0,0,0,0,0,0,0,0,0,0,0,0,0,0,0,0,0,0,0,0,0,0,0,0,0,0,0,0,0,0,0,0,0,0,0,0,0,0,0,0,0,0,0,0,0,1
381,42101980800,0,0,0,0,0,0,0,0,0,0,0,0,0,0,0,0,0,0,0,0,0,0,0,0,0,0,0,0,0,0,0,0,0,0,0,0,0,0,0,0,0,0,0,0,0,0,0,0,0,0,0,0,0,0,0,0,0,0,0,8
382,42101980900,4,4,0,0,0,0,0,0,0,0,0,0,0,0,0,0,0,0,0,0,0,0,0,0,0,0,0,0,0,0,0,0,0,0,0,0,0,0,0,0,0,0,0,0,0,0,0,0,4,0,0,0,0,0,0,0,0,0,0,0
383,42101989100,0,3977,797,0,0,23,36,16,0,0,0,0,0,0,13,7,0,0,0,0,0,0,0,0,0,0,0,4,32,0,0,0,10,0,0,0,0,0,0,67,0,3,0,0,0,0,0,0,0,0,0,0,0,0,0,0,0,0,0,0
