<?xml version="1.0" encoding="UTF-8"?>
<metadata xml:lang="en"><eainfo><detailed><enttyp><enttypl>recycling_diversion_rates</enttypl></enttyp><attr><attrlabl>FID</attrlabl><attrdef>Internal feature number.</attrdef><attrdefs>Esri</attrdefs><attrdomv><udom>Sequential unique whole numbers that are automatically generated.</udom></attrdomv></attr><attr><attrlabl>DISDAY</attrlabl></attr><attr><attrlabl>SANDIS</attrlabl></attr><attr><attrlabl>COLLDAY</attrlabl></attr><attr><attrlabl>SHAPE</attrlabl><attrdef>Feature geometry.</attrdef><attrdefs>Esri</attrdefs><attrdomv><udom>Coordinates defining the features.</udom></attrdomv></attr><attr><attrlabl>ID</attrlabl></attr><attr><attrlabl>IDISDAY</attrlabl></attr><attr><attrlabl>FY01</attrlabl></attr><attr><attrlabl>FY02</attrlabl></attr><attr><attrlabl>FY03</attrlabl></attr><attr><attrlabl>FY04</attrlabl></attr><attr><attrlabl>FY05</attrlabl></attr><attr><attrlabl>FY06</attrlabl></attr><attr><attrlabl>FY07</attrlabl></attr><attr><attrlabl>FY072QYTD</attrlabl></attr><attr><attrlabl>FY082QYTD</attrlabl></attr><attr><attrlabl>FY083Q</attrlabl></attr><attr><attrlabl>FY083QYTD</attrlabl></attr><attr><attrlabl>FY08</attrlabl></attr><attr><attrlabl>FY091Q</attrlabl></attr><attr><attrlabl>FY092QYTD</attrlabl></attr><attr><attrlabl>FY093QYTD</attrlabl></attr><attr><attrlabl>FY09</attrlabl></attr><attr><attrlabl>FY101Q</attrlabl></attr><attr><attrlabl>FY102QYTD</attrlabl></attr><attr><attrlabl>FY103QYTD</attrlabl></attr><attr><attrlabl>FY10</attrlabl></attr><attr><attrlabl>FY111Q</attrlabl></attr><attr><attrlabl>FY112QYTD</attrlabl></attr><attr><attrlabl>FY113QYTD</attrlabl></attr><attr><attrlabl>FY11</attrlabl></attr><attr><attrlabl>FY121Q</attrlabl></attr><attr><attrlabl>FY122QYTD</attrlabl></attr><attr><attrlabl>FY123Q</attrlabl></attr><attr><attrlabl>FY123QYTD</attrlabl></attr><attr><attrlabl>FY12</attrlabl></attr><attr><attrlabl>FY131Q</attrlabl></attr><attr><attrlabl>FY132QYTD</attrlabl></attr><attr><attrlabl>FY133Q</attrlabl></attr><attr><attrlabl>FY133QYTD</attrlabl></attr><attr><attrlabl>FY13</attrlabl></attr><attr><attrlabl>FY141Q</attrlabl></attr><attr><attrlabl>FY142QYTD</attrlabl></attr></detailed></eainfo><dataIdInfo><envirDesc>Microsoft Windows 7 Version 6.1 (Build 7600) ; Esri ArcGIS 10.2.0.3348</envirDesc><dataLang><languageCode value="eng"/><countryCode value="USA"/></dataLang><idCitation><resTitle>Recycling Diversion Rates</resTitle><presForm><PresFormCd value="005"/></presForm></idCitation><spatRpType><SpatRepTypCd value="001"/></spatRpType><dataExt><geoEle><GeoBndBox esriExtentType="search"><exTypeCode>1</exTypeCode><westBL>-75.284167</westBL><eastBL>-74.954039</eastBL><northBL>40.143797</northBL><southBL>39.861288</southBL></GeoBndBox></geoEle></dataExt><idPurp>Recycling rates by rubbish/recycling boundary</idPurp><idAbs>&lt;DIV STYLE="text-align:Left;"&gt;&lt;DIV&gt;&lt;P&gt;&lt;SPAN&gt;Rate of recycling per rubbish/recycling district&lt;/SPAN&gt;&lt;/P&gt;&lt;/DIV&gt;&lt;/DIV&gt;</idAbs></dataIdInfo><mdLang><languageCode value="eng"/><countryCode value="USA"/></mdLang><distInfo><distFormat><formatName>Personal GeoDatabase Feature Class</formatName></distFormat><distTranOps><transSize>0.000</transSize></distTranOps></distInfo><mdHrLv><ScopeCd value="005"/></mdHrLv><mdHrLvName>dataset</mdHrLvName><refSysInfo><RefSystem><refSysID><identCode code="2272"/><idCodeSpace>EPSG</idCodeSpace><idVersion>8.1.1</idVersion></refSysID></RefSystem></refSysInfo><spatRepInfo><VectSpatRep><geometObjs><geoObjTyp><GeoObjTypCd value="002"/></geoObjTyp><geoObjCnt>0</geoObjCnt></geometObjs><topLvl><TopoLevCd value="001"/></topLvl></VectSpatRep></spatRepInfo><mdDateSt>20140618</mdDateSt><spdoinfo><ptvctinf/></spdoinfo></metadata>
