id,GEOID10,LI1207_AVG,LI0308_AVG,LI0708_AVG,LI1108_AVG,LI0309_AVG,LI1009_AVG,LI0410_AVG,LI0311_AVG,LI1011_AVG,LI0412_AVG,LI1112_AVG,LI0913_AVG,RB_CUSTMR
378,42101980500,2.58,3.09,2.81,2.91,2.51,2.9,3.06,2.87,3.4,1.79,1.58,1.65,33
376,42101980300,1.2,1,1.39,1.29,1.29,1.1,1.2,1.1,1.39,1.1,1,1.13,19
381,42101980800,1.8,2.7,2.2,1.5,1.8,1.3,1.8,1.2,2,1.79,1.4,1.71,8
54,42101005000,3.94E-03,6.25E-03,6.25E-03,5.79E-03,5.56E-03,4.17E-03,4.86E-03,2.78E-03,3.71E-03,4.17E-03,4.40E-03,2.85E-03,1
380,42101980700,1.91,1.61,1.84,1.78,1.69,1.36,1.08,1.24,2.29,1.61,0.94,1.17,1
377,42101980400,0.53,0.84,0.84,0.78,0.75,0.56,0.65,0.37,0.5,0.56,0.59,0.38,0
379,42101980600,1.15,1.17,1.19,0.98,1.13,0.82,0.81,0.94,1.29,1.27,0.72,0.9,0
382,42101980900,1.68,2.35,2.46,2.16,2.19,1.63,1.82,1.24,1.56,1.64,1.54,1.13,0
374,42101980100,1.47,1.54,1.71,1.43,1.4,1.39,1.63,1.14,1.38,1.57,1.02,1.27,15
375,42101980200,1.39,1.15,1.42,1.34,1.3,1.24,1.53,1.17,1.18,1.33,1.05,1.23,38
349,42101036400,1.23,1,1.32,1.22,1.22,1.1,1.31,1.1,1.24,1.1,1,1.11,19
154,42101016200,2.68,3.25,3.18,2.7,2.88,3.1,2.28,2.71,3.17,2.04,1.76,1.73,158
185,42101019501,2.46,3.03,2.45,2.62,2.15,2.55,3.3,2.69,3.12,1.8,1.73,1.61,276
143,42101014800,2.69,3.49,3.5,3.28,3.3,3.57,2.6,2.7,3.6,2.29,1.99,2.9,51
149,42101015600,2.89,3.13,2.83,2.64,2.52,3.3,1.95,2.68,3.08,1.93,1.83,1.35,167
363,42101038100,1.85,2.23,1.94,1.93,1.82,1.92,1.52,1.11,1.9,1.35,1.48,1.11,56
266,42101028700,2.39,2.98,2.31,2.5,2.01,2.41,3.37,2.59,3.01,1.79,1.78,1.6,122
373,42101980000,2.33,2.13,2.88,2.29,2.6,2.23,1.86,2.34,3.31,1.98,1.89,2.11,55
1,42101000200,1.73,1.97,1.55,1.5,1.75,1.55,1.4,1.49,1.6,1.81,1.81,1.58,21
186,42101019502,2.43,3.01,2.39,2.57,2.09,2.49,3.34,2.65,3.07,1.8,1.76,1.61,279
55,42101005400,1.7,2.7,2.7,2.5,2.4,1.8,2.1,1.2,1.6,1.8,1.9,1.23,46
212,42101023100,1.5,1.6,1.9,1.1,1.6,2.2,1.2,1.6,1.5,2.5,1,1.73,85
219,42101024100,1.44,1.92,1.84,2.1,1.57,1.64,2.07,1.31,1.96,1.58,1,1.32,34
150,42101015700,2.33,2.89,2.91,2.35,2.61,2.29,2.08,2.22,2.45,1.92,1.56,1.76,175
121,42101012203,1.84,2.59,2.32,1.62,1.93,1.46,1.77,1.36,2.21,1.82,1.48,1.73,1
213,42101023500,1.52,1.81,1.72,1.59,1.52,1.73,1.7,1.06,1.41,1.4,1.01,1.26,48
264,42101028500,2.14,2.38,3.02,2.78,2.72,2.89,2.15,2.27,3.46,1.55,1,1.26,86
88,42101008801,2,2.78,2.41,1.71,2.31,2.4,2.58,1.12,2.03,1.7,1.7,1.98,3
57,42101005600,1.7,2.7,2.7,2.5,2.4,1.8,2.1,1.2,1.6,1.8,1.9,1.23,13
352,42101036600,2.04,1.44,1.92,1.39,1.67,1.4,1.43,1.32,2.16,1.97,1.52,1.53,12
190,42101020000,2.59,3.09,2.79,2.89,2.49,2.89,3.09,2.88,3.38,1.8,1.6,1.63,79
172,42101017602,2.57,3.11,2.62,2.75,2.36,2.3,2.83,2.83,3.11,1.8,1.67,1.63,225
138,42101014300,2.4,2.3,2,1.9,1.7,1.9,1.3,1.7,1.6,1.6,1.5,1.08,147
105,42101010600,1.97,1.96,3.35,2.91,3.05,2.43,2.3,2.27,3.6,1.93,1.93,1.93,65
171,42101017601,2.53,3.07,2.59,2.73,2.31,2.54,3.08,2.79,3.18,1.8,1.68,1.62,437
365,42101038300,2.42,3,2.38,2.56,2.1,2.53,3.3,2.67,3.09,1.8,1.75,1.6,133
34,42101002801,2.6,2.04,3.13,1.94,2.88,1.72,1.46,1.67,3.3,2.1,1.14,1.44,217
155,42101016300,2.48,3.15,3.11,2.58,2.81,2.79,2.3,2.48,2.83,2.07,1.73,1.88,190
124,42101013100,1.93,2.72,2.32,1.92,2.12,2.31,1.89,2.3,2.81,1.61,1.61,1.82,37
6,42101000600,1.73,1.96,1.54,1.5,1.76,1.54,1.4,1.49,1.59,1.81,1.81,1.58,8
210,42101021900,1.4,1.3,1.6,1.6,1.1,1.1,1.8,1,1.3,1.4,1,1.2,81
5,42101000500,1.79,1.95,1.53,1.48,1.7,1.51,1.41,1.46,1.61,1.85,1.85,1.63,6
368,42101038600,1.49,1.64,1.85,1.2,1.57,2.09,1.3,1.47,1.47,2.26,1,1.63,119
140,42101014500,3.4,3.9,3.6,3,3.1,3.1,1.8,2.7,3.5,2.4,2.3,2.72,115
364,42101038200,2.42,3.17,2.34,2.61,2.14,2.17,2.46,2.8,3,1.71,1.94,1.53,235
158,42101016600,2.69,2.31,3.29,2.5,3.09,2.4,3.1,2.9,3.79,2.09,1.69,2.06,66
217,42101023900,1.87,2.09,2.03,1.55,1.83,2.24,1.7,1.95,1.69,1.4,1.2,1.24,32
188,42101019800,2.56,3.08,2.72,2.83,2.42,2.82,3.14,2.85,3.33,1.8,1.63,1.62,388
8,42101000801,1.32,1.44,2.3,1.5,2.1,1.23,1.72,1.19,1.22,1.7,1.79,1.51,43
211,42101022000,1.4,1.3,1.6,1.6,1.1,1.1,1.8,1,1.3,1.4,1,1.2,128
26,42101002000,2.5,2.6,2.8,3.1,2.5,2.5,2.5,2.4,2.8,1.8,1.4,1.21,290
338,42101035702,1.39,1,1.49,1.49,1.39,1.1,1.5,1.1,1.09,1.69,1,1.1,115
360,42101037800,2.47,3.08,2.43,2.58,2.21,2.17,2.28,2.66,2.8,1.75,1.84,1.55,199
273,42101029300,2.4,1.93,2.78,1.9,2.39,2.21,1.31,1.4,3.3,1.78,1.99,1.32,180
234,42101025800,1.48,1.62,1.91,1.12,1.61,2.16,1.2,1.56,1.53,2.46,1,1.71,109
337,42101035701,1.39,1,1.49,1.49,1.39,1.1,1.5,1.1,1.09,1.69,1,1.1,101
358,42101037600,1.9,2.7,2.3,1.9,2.1,2.3,1.9,2.3,2.8,1.6,1.6,1.8,30
207,42101021600,1.44,1.34,1.55,1.55,1.19,1.14,1.84,1,1.39,1.4,1,1.2,112
267,42101028800,2.4,3,2.3,2.5,2,2.4,3.4,2.6,3,1.8,1.8,1.61,141
3,42101000401,1.3,1.4,2.1,1.47,1.93,1.2,1.67,1.22,1.22,1.79,1.87,1.67,6
118,42101012000,1.8,2.7,2.2,1.5,1.8,1.3,1.8,1.2,2,1.8,1.4,1.71,79
173,42101017701,2.76,2.82,2.93,2.84,2.76,2.83,2.94,3.28,3.5,1.97,1.74,1.56,222
323,42101034600,1,1,1.39,1.49,1.29,1.29,1.69,1.19,1.29,1.39,1,1.13,31
341,42101036000,1.3,1,1.2,1.1,1.1,1.1,1.5,1.1,1,1.1,1,1.1,114
367,42101038500,1.5,1.6,1.9,1.1,1.6,2.2,1.2,1.6,1.5,2.5,1,1.73,143
136,42101014100,2.98,3.62,3.37,2.95,3,3.19,1.61,2.7,3.45,2.4,2.2,2.87,101
321,42101034501,1.5,1,1.3,1.1,1.2,1.1,1.5,1.2,1,1.3,1,1.3,55
29,42101002300,2.34,2.34,2.77,1.7,2.53,2,1.47,1.36,2.72,2.03,1.03,1.46,245
268,42101028901,2.48,3,2.49,2.66,2.2,2.58,3.19,2.74,3.18,1.81,1.7,1.61,137
12,42101000902,1.63,2.07,1.51,1.5,1.48,1.51,1.4,1.42,1.52,1.96,1.96,1.44,41
27,42101002100,2.57,2.67,3.17,2.72,3.17,2.12,2.57,2.4,2.65,1.87,1.47,2.32,257
11,42101000901,1.9,1.8,1.6,1.5,2.2,1.6,1.4,1.6,1.7,1.6,1.6,1.8,16
157,42101016500,2.96,2.9,3.4,2.69,3.09,2.66,2.61,2.82,3.68,2.2,1.92,2.3,193
97,42101009801,1.8,2.7,2.2,1.5,1.8,1.3,1.8,1.2,2,1.8,1.4,1.71,105
133,42101013800,3.08,2.8,3.11,3.04,2.91,2.77,2.34,2.89,3.66,2.17,2,2.97,185
28,42101002200,2.45,2.79,3.39,2.6,3.4,1.9,1.97,2.3,2.64,1.99,1.54,2.42,203
199,42101020800,1.7,2.2,2.5,1.5,2.3,1.4,1.2,1.3,1.5,1.3,1.2,1.21,26
197,42101020600,1.7,2.2,2.49,1.5,2.29,1.4,1.21,1.3,1.5,1.3,1.2,1.21,78
139,42101014400,2.4,2.3,2,1.9,1.7,1.9,1.3,1.7,1.6,1.6,1.5,1.08,199
189,42101019900,2.54,3.07,2.67,2.79,2.37,2.77,3.17,2.82,3.29,1.8,1.65,1.62,226
247,42101027000,1.71,2.11,2.7,2.01,2.46,2.46,2.12,1.57,2.92,1.48,1,1.88,101
251,42101027401,1.6,2,2.4,1.9,2.2,2.2,1.9,1.2,2.7,1.6,1,2.27,185
73,42101007700,2,2.8,2.4,1.7,2.3,2.4,2.6,1.1,2,1.7,1.7,1.99,58
248,42101027100,1.6,2,2.4,1.9,2.2,2.2,1.9,1.2,2.7,1.6,1,2.27,99
362,42101038000,1.7,2.2,1.8,1.9,1.7,1.8,1.5,1,1.5,1.3,1.4,1.07,180
91,42101009100,2.1,1.9,3.1,2.4,2.8,2.5,1.6,2.4,3.6,2,2,1.93,87
285,42101030900,1.79,2.1,2.22,2.14,2.02,1.96,1.79,1,2.3,1.57,1,1.42,190
108,42101010900,2.1,1.9,3.1,2.4,2.8,2.5,1.6,2.4,3.6,2,2,1.93,179
203,42101021200,1.5,1.4,1.5,1.5,1.3,1.2,1.9,1,1.5,1.4,1,1.2,130
180,42101018400,1.7,2.2,1.8,1.9,1.7,1.8,1.5,1,1.5,1.3,1.4,1.07,232
22,42101001600,2.5,1.9,2.5,1.5,2.2,1.4,1.2,1.2,3.1,2.1,1,1.6,220
272,42101029200,2.41,2.01,2.75,1.95,2.39,2.25,1.37,1.43,3.35,1.75,1.95,1.33,171
202,42101021100,1.4,1.49,1.3,1.2,1.2,1.2,1.8,1.09,1.3,1.49,1,1.1,175
246,42101026900,1.78,2.18,2.88,2.08,2.62,2.62,2.26,1.8,3.06,1.41,1,1.65,124
369,42101038700,1.5,1.6,1.9,1.1,1.6,2.2,1.2,1.6,1.5,2.5,1,1.73,175
226,42101024800,2.4,2.2,3.6,2.5,3.2,2.5,2.5,2.1,2.9,1.5,1,1.47,187
37,42101003001,2.34,2.53,3.17,2.42,3.1,1.85,1.81,2.19,2.52,2.03,1.49,2.1,254
13,42101001001,1.75,1.68,1.69,1.44,1.52,1.48,1.47,1.38,1.71,1.97,1.84,1.45,99
313,42101033701,1.39,1,1.49,1.4,1.3,1.2,1.4,1.2,1.2,1.59,1,1.29,192
177,42101018001,2.7,3.2,2.8,2.9,2.6,2,2.3,3,3.1,1.8,1.6,1.65,209
145,42101015101,2.42,2.74,2.87,2.17,2.6,2.2,3.17,2.9,3.6,2.65,2.18,2.86,174
169,42101017400,2.6,3.1,2.8,2.9,2.5,2.9,3.1,2.9,3.4,1.8,1.6,1.63,203
308,42101033200,1.7,2.2,1.8,1.9,1.7,1.8,1.5,1,1.5,1.3,1.4,1.07,269
174,42101017702,2.73,2.96,2.86,2.84,2.67,2.5,2.76,3.15,3.32,1.9,1.7,1.6,275
21,42101001500,2.43,2.19,3.05,1.77,2.79,2,1.51,1.34,2.92,2.05,1.05,1.44,239
115,42101011700,1.8,2.7,2.2,1.5,1.8,1.3,1.8,1.2,2,1.8,1.4,1.71,99
130,42101013601,2.5,2.06,1.6,1.34,1.35,1.24,1.6,1.35,1.69,1.68,1.63,2.13,264
127,42101013401,2.31,1.81,1.5,1.39,1.3,1.29,1.5,1.3,1.79,2.08,2.07,2.13,91
353,42101036700,1.7,1.11,1.5,1.3,1.3,1.4,1.59,1.4,1.5,1.89,1.89,1.49,200
77,42101008101,2.2,2.8,2.53,1.83,2.23,2.53,2.93,1.36,2.87,2.23,2.17,1.99,233
311,42101033500,1.5,1.9,1.6,1.7,1.3,1.2,1.1,1,1.2,1.3,1.1,1.1,230
317,42101034000,1.49,1.51,1.47,1.44,1.26,1.16,1.27,1.08,1.12,1.3,1.05,1.18,266
366,42101038400,1.4,1.3,1.6,1.59,1.1,1.1,1.79,1,1.3,1.4,1,1.2,192
120,42101012201,1.8,2.69,2.2,1.5,1.81,1.31,1.79,1.21,2.01,1.8,1.4,1.71,14
32,42101002701,2.54,2.04,2.5,1.98,2.24,1.64,1.34,1.44,3.1,2.14,1.14,1.6,204
288,42101031102,1.9,1.94,2.53,2.44,2.3,2.15,1.91,1.23,2.81,1.62,1.02,1.45,277
7,42101000700,1.48,1.47,1.77,1.43,1.62,1.21,1.61,1.26,1.35,1.96,1.99,1.94,19
135,42101014000,2.53,3.33,3.16,2.96,2.96,3.34,1.59,2.7,3.43,2.38,2.08,3.04,148
84,42101008601,2.1,2.2,2.3,1.8,2.1,2,2.2,1.3,3.4,1.7,1.4,1.99,127
297,42101031800,2.58,2.48,2.6,2.11,2.4,2.49,1.6,1.6,3.69,1.6,1.88,1.33,251
16,42101001102,1.87,2.04,2.07,1.6,1.91,1.63,1.45,1.37,1.99,2.02,1.75,1.4,134
125,42101013200,1.91,2.71,2.31,1.91,2.11,2.31,1.89,2.3,2.81,1.61,1.6,1.82,58
59,42101006100,2.32,2.7,2.63,2.75,2.4,2.3,2.85,1.89,2.79,2.05,2.02,1.38,166
271,42101029100,1.36,2.46,2.34,2.11,2.07,2.08,1.68,1.2,2.43,1.56,1.06,1.36,125
156,42101016400,3.12,3.49,3.19,2.86,2.82,3.42,2.02,2.83,3.43,2.12,2.02,1.83,431
25,42101001900,2.51,2.75,3.35,2.6,3.4,1.94,2.23,2.34,2.62,1.95,1.52,2.54,279
24,42101001800,2.45,2.15,3.12,1.78,2.85,2,1.52,1.33,2.96,2.06,1.06,1.43,267
23,42101001700,2.5,1.9,2.5,1.5,2.2,1.4,1.2,1.2,3.1,2.1,1,1.6,272
102,42101010300,2.29,2.22,3.5,2.36,3.25,2.51,2.58,1.92,3.32,1.9,1.67,1.8,231
336,42101035602,1.4,1,1.5,1.5,1.4,1.1,1.5,1.1,1.1,1.7,1,1.1,231
44,42101003702,2.53,2.35,3.25,2.26,2.92,1.79,1.63,1.93,2.07,2.23,1.33,1.46,259
10,42101000804,1.8,1.6,1.5,1.4,1.35,1.25,1.55,1.3,1.55,2.1,2.1,2.17,9
126,42101013300,1.31,1.41,2.3,1.51,2.1,1.22,1.69,1.21,1.22,1.7,1.8,1.51,114
30,42101002400,2.46,2.13,3.16,1.79,2.89,2,1.53,1.33,2.99,2.06,1.06,1.43,435
231,42101025500,1.5,1.6,1.9,1.1,1.6,2.2,1.2,1.6,1.5,2.5,1,1.73,245
66,42101006900,2.59,2.73,2.64,2.61,2.4,2.52,3.1,2.18,3.47,1.85,1.88,1.49,150
85,42101008602,2.09,2.19,2.32,1.82,2.12,2,2.2,1.31,3.4,1.7,1.4,1.98,204
164,42101017000,1.95,2.25,2.24,1.89,1.91,2.05,1.52,2.06,2.27,1.27,1.21,1.57,118
316,42101033900,1.32,2.43,2.4,2.23,2.1,2.18,1.81,1.26,2.81,1.56,1.1,1.27,190
38,42101003002,2.44,2.8,3.4,2.6,3.4,1.89,1.92,2.29,2.65,2,1.55,2.4,347
224,42101024600,2.4,2.2,3.6,2.5,3.2,2.5,2.5,2.1,2.9,1.5,1,1.47,189
274,42101029400,2.39,2.42,2.42,2.05,2.24,2.34,1.57,1.46,3.2,1.53,1.79,1.27,294
159,42101016701,2.53,2.73,3.6,2.49,3.35,2.29,2.82,2.88,3.72,2.1,1.75,1.96,305
236,42101026000,1.2,2,2.1,1.5,1.9,1.6,1.3,1.1,2,1.9,1,1.47,166
194,42101020300,2.45,2.94,2.64,2.73,2.37,2.78,2.9,2.64,3.08,1.88,1.65,1.74,175
195,42101020400,2.42,2.56,2.54,1.68,2.33,2.96,1.86,3.23,2.27,1.45,1.5,1.25,200
232,42101025600,1.5,1.6,1.9,1.1,1.6,2.2,1.2,1.6,1.5,2.5,1,1.73,230
301,42101032300,1.91,2.27,1.98,1.94,1.86,1.96,1.52,1.14,2.01,1.37,1.51,1.13,271
289,42101031200,1.91,1.83,3.07,2.77,2.78,2.3,1.69,1.78,3.12,1.69,1.12,1.58,152
68,42101007101,2.7,2.7,2.6,2.9,2.4,2.6,3.3,2.3,3.5,2.2,2.1,1.47,306
128,42101013402,1.56,1.5,2.08,1.47,1.88,1.22,1.64,1.22,1.36,1.8,1.88,1.66,166
283,42101030700,1.49,2.4,2,1.7,1.8,1.6,1.2,1,1.21,1.5,1,1.49,146
119,42101012100,1.8,2.7,2.2,1.5,1.8,1.3,1.8,1.2,2,1.8,1.4,1.71,117
269,42101028902,2.46,2.96,2.44,2.62,2.15,2.52,3.18,2.72,3.15,1.82,1.72,1.61,263
137,42101014200,2.4,2.3,2,1.9,1.7,1.9,1.3,1.7,1.6,1.6,1.5,1.08,256
222,42101024400,2.1,2.59,2.31,2.4,2.1,2.5,2.5,2,2.4,2.09,1.79,2.02,177
153,42101016100,2.4,2.9,2.6,2.3,2.3,2.69,2,2.01,2.11,2.09,1.89,1.79,501
200,42101020900,1.4,1.5,1.3,1.2,1.2,1.2,1.8,1.1,1.3,1.5,1,1.1,185
237,42101026100,1.32,1.83,2.01,1.33,1.77,1.84,1.25,1.3,1.79,2.14,1,1.57,136
4,42101000402,1.57,1.51,1.5,1.4,1.37,1.22,1.57,1.3,1.43,2.1,2.1,2.18,15
170,42101017500,2.59,3.09,2.79,2.89,2.49,2.89,3.1,2.89,3.39,1.8,1.6,1.62,507
101,42101010200,2.6,2.4,3.5,1.7,3.3,2.6,2.5,1.7,3.1,1.9,1.5,1.71,317
50,42101004101,2.6,2.2,2.57,2.1,2.37,1.5,1.34,2.01,3.25,2.12,1.22,1.52,275
370,42101038800,1.5,1.76,1.73,1.51,1.51,1.78,1.61,1.09,1.41,1.58,1,1.34,399
134,42101013900,2.68,3.48,3.47,3.27,3.27,3.58,2.53,2.7,3.58,2.3,2,2.93,128
129,42101013500,1.73,1.61,2,1.5,1.8,1.3,1.63,1.27,1.5,1.87,1.92,1.79,460
61,42101006300,1.7,2.7,2.7,2.5,2.4,1.8,2.1,1.2,1.6,1.8,1.9,1.23,364
71,42101007300,2.35,2.79,2.68,2.09,2.38,2.38,2.77,1.92,3.38,1.28,1.55,1.53,264
160,42101016702,2.69,2.3,3.28,2.49,3.08,2.4,3.08,2.9,3.79,2.09,1.69,2.06,199
322,42101034502,1.5,1,1.3,1.1,1.2,1.1,1.5,1.2,1,1.3,1,1.3,180
2,42101000300,1.51,1.48,1.74,1.43,1.59,1.22,1.6,1.27,1.37,1.97,2,1.97,78
112,42101011300,2.56,2.43,3.4,1.69,3.2,2.57,2.47,1.68,3.12,1.87,1.49,1.71,260
196,42101020500,2.03,2.52,2.33,2.23,2.13,2.3,2.26,1.88,2.23,1.95,1.69,1.87,210
287,42101031101,1.9,1.98,2.36,2.34,2.15,2.11,1.97,1.06,2.73,1.6,1,1.41,250
294,42101031502,1.5,2.1,1.7,1.6,1.5,1.5,1.2,1,1.89,1.39,1.49,1.22,315
187,42101019700,2.52,3.06,2.61,2.75,2.31,2.71,3.2,2.79,3.25,1.8,1.67,1.62,415
62,42101006400,1.79,2.7,2.69,2.53,2.4,1.87,2.21,1.3,1.78,1.83,1.91,1.25,262
144,42101014900,3.14,2.64,3.02,2.96,2.82,2.56,2.3,2.93,3.67,2.15,2,2.97,419
233,42101025700,1.5,1.6,1.9,1.1,1.6,2.2,1.2,1.6,1.5,2.5,1,1.73,127
14,42101001002,1.8,1.2,1.62,1.32,1.41,1.4,1.54,1.37,1.7,1.92,1.78,1.51,168
15,42101001101,1.98,2.02,1.79,1.52,2.17,1.71,1.4,1.54,1.89,1.71,1.43,1.71,127
204,42101021300,1.5,1.4,1.5,1.5,1.3,1.2,1.9,1,1.5,1.4,1,1.2,285
0,42101000100,1.68,1.27,1.5,1.33,1.31,1.41,1.56,1.4,1.5,1.91,1.91,1.48,56
276,42101029900,2.28,2.39,2.32,2.03,2.15,2.25,1.56,1.39,2.93,1.49,1.72,1.24,326
64,42101006600,2.55,2.7,2.61,2.84,2.4,2.48,3.12,2.14,3.23,2.14,2.07,1.43,286
371,42101038900,1.75,1.77,2.37,1.49,2.05,2.28,1.56,1.73,1.89,2.21,1,1.65,175
214,42101023600,1.5,1.8,1.7,1.6,1.5,1.7,1.7,1,1.4,1.4,1,1.27,243
347,42101036302,1.2,1,1.4,1.3,1.3,1.1,1.2,1.1,1.4,1.1,1,1.13,281
206,42101021500,1.49,1.39,1.5,1.5,1.29,1.19,1.89,1,1.49,1.4,1,1.2,277
290,42101031300,1.43,2.39,2.45,2.29,2.17,2.25,1.91,1.23,2.92,1.59,1.08,1.32,257
263,42101028400,2.12,2.64,3.15,2.7,2.85,2.88,2.38,2.29,3.37,1.46,1.11,1.64,249
103,42101010400,1.9,2,3.5,3.2,3.2,2.4,2.7,2.2,3.6,1.9,1.9,1.93,209
270,42101029000,2.2,2.41,2.98,2.89,2.68,2.88,2.12,2.3,3.48,1.6,1.01,1.25,226
141,42101014600,2.5,3.29,3.1,2.89,2.9,3.29,1.41,2.7,3.4,2.39,2.09,3.06,128
292,42101031402,1.31,2.47,2.45,2.26,2.16,2.25,1.86,1.28,2.93,1.58,1.11,1.29,260
122,42101012204,1.8,2.69,2.21,1.51,1.81,1.31,1.79,1.21,2.01,1.8,1.4,1.71,107
205,42101021400,1.5,1.4,1.5,1.5,1.3,1.2,1.9,1,1.5,1.4,1,1.2,261
92,42101009200,1.98,1.95,3.32,2.85,3.02,2.44,2.22,2.28,3.6,1.94,1.94,1.93,189
31,42101002500,2.5,1.9,2.5,1.5,2.2,1.4,1.2,1.2,3.1,2.1,1,1.6,237
325,42101034702,1,1,1.4,1.5,1.3,1.3,1.7,1.2,1.3,1.4,1,1.13,282
340,42101035900,1.3,1,1.2,1.1,1.1,1.1,1.5,1.1,1,1.1,1,1.1,283
175,42101017800,2.85,2.9,3.02,2.9,2.82,2.52,2.82,3.3,3.4,1.95,1.75,1.61,337
87,42101008702,2.04,2.47,2.37,1.78,2.22,2.2,2.4,1.22,2.74,1.7,1.55,1.98,90
192,42101020102,2.1,2.6,2.3,2.4,2.1,2.5,2.5,2,2.4,2.1,1.8,2.03,260
17,42101001201,1.64,1.74,2.35,1.92,2.15,1.54,1.91,1.55,1.66,1.78,1.73,1.57,252
39,42101003100,2.57,2.67,3.17,2.72,3.18,2.12,2.57,2.4,2.64,1.87,1.47,2.34,533
346,42101036301,1.2,1,1.4,1.3,1.3,1.1,1.2,1.1,1.4,1.1,1,1.13,350
107,42101010800,2.1,1.9,3.1,2.4,2.8,2.5,1.6,2.4,3.6,2,2,1.93,418
310,42101033400,1.48,1.73,1.58,1.64,1.31,1.21,1.16,1.03,1.2,1.35,1.08,1.13,216
76,42101008000,2.15,2.78,2.5,1.8,2.24,2.49,2.84,1.3,2.69,2.11,2.05,1.99,362
330,42101035100,1.1,1.1,1.6,1.7,1.4,1.3,1.7,1.2,1.6,1.2,1,1.2,159
275,42101029800,2.57,2.49,2.57,2.09,2.38,2.48,1.59,1.58,3.63,1.59,1.88,1.32,319
45,42101003800,2.43,2.4,3.16,2.25,2.84,1.83,1.67,1.97,2.04,2.21,1.32,1.48,307
33,42101002702,2.54,2.04,2.5,1.98,2.24,1.64,1.34,1.44,3.1,2.14,1.14,1.6,308
339,42101035800,1.3,1,1.22,1.13,1.12,1.1,1.5,1.1,1,1.14,1,1.1,392
319,42101034200,1.5,1,1.3,1.1,1.2,1.1,1.5,1.2,1,1.3,1,1.3,253
104,42101010500,1.9,2,3.49,3.19,3.19,2.39,2.69,2.19,3.59,1.89,1.89,1.92,167
168,42101017300,2.11,2.57,2.27,2.4,2.04,2.52,2.45,2.07,2.46,2.03,1.75,2.03,211
183,42101019100,2.5,2.47,2.31,2.49,2.11,2.14,2.43,2.9,3.26,1.99,1.72,1.59,578
110,42101011100,2.21,2.55,2.78,1.83,2.56,2.35,2.3,1.62,3.3,1.68,1.48,1.74,249
298,42101031900,2.6,2.5,2.6,2.1,2.4,2.5,1.6,1.6,3.7,1.6,1.9,1.33,290
109,42101011000,2.1,1.9,3.1,2.4,2.8,2.5,1.6,2.4,3.6,2,2,1.93,204
361,42101037900,2.42,3.2,2.34,2.62,2.14,2.18,2.48,2.81,3,1.7,1.96,1.54,542
48,42101004001,1.61,2.28,1.63,1.78,1.5,1.48,1.24,1.8,2.6,2.24,1.12,1.5,460
36,42101002900,1.91,2.45,2.04,1.66,1.87,1.82,1.34,1.51,2.45,2.11,1.04,1.5,506
123,42101012500,1.8,1.6,1.89,1.45,1.69,1.25,1.6,1.25,1.5,1.9,1.95,1.81,42
167,42101017202,2.3,2.3,1.9,2.4,1.4,2.9,1.9,3.1,3.3,1.2,1.2,2.03,317
253,42101027500,1.6,2,2.4,1.9,2.2,2.2,1.9,1.2,2.7,1.6,1,2.27,287
131,42101013602,2.62,2.17,1.7,1.4,1.43,1.28,1.67,1.45,1.75,1.54,1.47,2.17,378
304,42101032900,1.41,1.68,1.7,1.8,1.55,1.56,1.59,1.09,1.54,1.25,1.21,1.13,295
95,42101009500,2.27,2.6,2.84,1.71,2.68,2.43,2.26,1.59,3.35,1.77,1.62,1.71,399
223,42101024500,2.4,2.21,3.58,2.51,3.18,2.47,2.48,2.09,2.91,1.5,1,1.45,257
260,42101028100,2.5,2.6,3,3,2.7,1.7,2.1,2,3.4,1.8,1,1.04,216
355,42101037200,2.28,2.22,2.24,2.15,2.07,1.65,1.37,1.82,2.98,2.19,1.22,1.54,323
9,42101000803,1.3,1.4,1.69,1.42,1.56,1.2,1.62,1.27,1.27,2,2.02,2.04,54
165,42101017100,2.26,2.34,1.96,2.4,1.51,2.83,1.99,2.91,3.15,1.34,1.29,2.03,357
335,42101035601,1.4,1,1.48,1.46,1.38,1.1,1.5,1.1,1.09,1.66,1,1.11,268
35,42101002802,2.35,2.12,2.69,1.9,2.47,1.62,1.38,1.75,3.12,2.13,1.14,1.46,495
60,42101006200,1.97,2.7,2.67,2.6,2.4,2.01,2.42,1.5,2.12,1.9,1.95,1.29,246
218,42101024000,2.16,2.56,2.34,2.15,2.14,2.61,2.28,2.33,2.31,1.9,1.7,1.8,153
93,42101009300,2.23,2.19,3.5,2.48,3.24,2.49,2.6,1.96,3.36,1.9,1.7,1.82,368
309,42101033300,1.36,1.61,1.6,1.7,1.5,1.55,1.59,1.09,1.4,1.34,1.2,1.09,324
342,42101036100,1.2,1,1.39,1.29,1.29,1.1,1.2,1.1,1.39,1.1,1,1.12,385
86,42101008701,2.07,2.36,2.32,1.77,2.15,2.11,2.31,1.24,3,1.7,1.48,1.99,164
357,42101037500,1.8,2.7,2.2,1.5,1.8,1.3,1.8,1.2,2,1.8,1.4,1.71,146
166,42101017201,2.12,2.56,2.25,2.4,2.02,2.54,2.43,2.12,2.5,2,1.73,2.03,251
74,42101007800,2.08,2.8,2.46,1.78,2.32,2.4,2.64,1.28,2.3,1.59,1.65,1.89,248
351,42101036502,1.3,1,1.2,1.1,1.1,1.1,1.5,1.1,1,1.1,1,1.1,292
142,42101014700,2.54,3.3,3.19,2.97,2.99,3.33,1.7,2.7,3.45,2.36,2.06,3,134
291,42101031401,1.5,2.33,2.43,2.3,2.16,2.23,1.93,1.2,2.9,1.6,1.06,1.33,257
209,42101021800,1.4,1.3,1.6,1.6,1.1,1.1,1.8,1,1.3,1.4,1,1.2,162
179,42101018300,1.7,2.2,1.8,1.9,1.7,1.8,1.5,1,1.5,1.3,1.4,1.07,406
307,42101033102,1.22,1.32,1.64,1.74,1.46,1.4,1.65,1.15,1.57,1.22,1.08,1.17,400
280,42101030501,1.5,2.4,2,1.7,1.8,1.6,1.2,1,1.2,1.5,1,1.5,214
162,42101016901,2.49,2.59,3.27,2.1,3.07,2.21,3.57,2.9,3.59,2.28,1.88,2.19,311
314,42101033702,1.41,1,1.47,1.36,1.28,1.18,1.41,1.2,1.17,1.56,1,1.3,346
182,42101019000,2.46,2.44,2.24,2.46,2.04,2.09,2.38,2.86,3.24,1.99,1.71,1.59,596
94,42101009400,2.6,2.4,3.5,1.7,3.3,2.6,2.5,1.7,3.1,1.9,1.5,1.71,395
250,42101027300,2.04,2.29,2.84,2.64,2.56,2.71,2.04,2.01,3.29,1.6,1,1.51,286
229,42101025300,1.5,1.6,1.9,1.1,1.6,2.2,1.2,1.6,1.5,2.5,1,1.73,163
106,42101010700,2.1,1.9,3.1,2.4,2.8,2.5,1.6,2.4,3.6,2,2,1.93,169
75,42101007900,2,2.78,2.39,1.7,2.29,2.39,2.59,1.1,2.02,1.7,1.69,1.99,390
359,42101037700,3,3,3.43,2.71,3.1,2.7,2.52,2.81,3.66,2.23,1.96,2.35,160
249,42101027200,2.16,2.37,2.96,2.84,2.67,2.86,2.08,2.23,3.45,1.6,1,1.3,100
20,42101001400,2.51,2.75,3.35,2.6,3.4,1.94,2.25,2.34,2.62,1.95,1.52,2.55,313
114,42101011500,2.19,2.7,2.49,1.59,2.29,2.28,2.19,1.49,3.27,1.6,1.4,1.71,259
334,42101035500,1.48,1,1.32,1.15,1.22,1.1,1.5,1.18,1.01,1.35,1,1.27,463
354,42101036900,2,2.79,2.4,1.7,2.3,2.4,2.59,1.11,2.01,1.7,1.7,1.98,4
254,42101027600,1.9,2.3,3.2,2.2,2.9,2.9,2.5,2.2,3.3,1.3,1,1.25,336
284,42101030800,1.55,2.33,2.04,1.78,1.83,1.67,1.31,1,1.42,1.51,1,1.48,294
296,42101031700,2.4,2.43,2.45,2.02,2.25,2.33,1.53,1.49,3.39,1.56,1.82,1.31,326
53,42101004202,2.6,2.2,2.5,2.5,2.3,1.9,1.5,1.7,3.1,2.2,1.3,1.6,262
239,42101026301,1.2,2,2.1,1.5,1.9,1.6,1.3,1.1,2,1.9,1,1.47,172
300,42101032100,2.6,2.5,2.6,2.1,2.4,2.5,1.6,1.6,3.7,1.6,1.9,1.33,304
356,42101037300,0.95,0.89,1.2,0.85,1.08,0.68,0.63,0.73,0.8,0.86,0.51,0.57,358
278,42101030100,2.41,1.95,2.78,1.91,2.4,2.22,1.32,1.41,3.33,1.78,1.99,1.33,378
96,42101009600,2.24,2.61,2.8,1.73,2.64,2.43,2.24,1.58,3.38,1.77,1.66,1.71,357
326,42101034801,1.06,1.06,1.53,1.63,1.36,1.3,1.7,1.2,1.5,1.26,1,1.17,189
191,42101020101,2.1,2.6,2.3,2.4,2.1,2.5,2.5,2,2.4,2.1,1.8,2.03,209
178,42101018002,2.7,3.2,2.8,2.9,2.6,2,2.3,3,3.1,1.8,1.6,1.65,499
72,42101007400,2.25,2.8,2.59,1.95,2.36,2.4,2.72,1.68,2.96,1.37,1.57,1.68,276
227,42101024900,2.37,2.18,3.56,2.46,3.16,2.49,2.46,2.08,2.86,1.52,1,1.47,307
184,42101019200,2.65,2.85,2.78,2.78,2.61,2.86,2.96,3.16,3.45,1.94,1.72,1.55,511
281,42101030502,1.5,2.4,2,1.7,1.8,1.6,1.2,1,1.2,1.5,1,1.5,281
331,42101035200,1.09,1.09,1.59,1.69,1.39,1.29,1.7,1.19,1.59,1.2,1,1.19,447
220,42101024200,1.94,2.45,2.23,2.4,2,2.29,2.45,1.88,2.38,1.99,1.6,1.86,233
328,42101034803,1.06,1.06,1.52,1.62,1.36,1.29,1.7,1.19,1.49,1.26,1,1.17,467
81,42101008302,2,2.79,2.4,1.7,2.3,2.4,2.59,1.1,2.01,1.7,1.7,1.98,369
161,42101016800,2.26,2.93,3.81,2.44,3.52,2.33,2.87,2.78,3.47,2,1.63,1.75,376
221,42101024300,2.1,2.6,2.3,2.4,2.1,2.5,2.5,2,2.4,2.1,1.8,2.03,104
215,42101023700,1.5,1.79,1.7,1.59,1.5,1.7,1.69,1,1.4,1.4,1,1.27,272
148,42101015300,2.64,2.45,3.41,2.5,3.19,2.36,3,2.9,3.78,2.1,1.71,2.03,167
259,42101028000,2.36,2.5,3,2.95,2.7,2.25,2.1,2.13,3.44,1.7,1,1.13,285
63,42101006500,2.23,2.71,2.65,2.63,2.39,2.23,2.72,1.78,2.66,1.91,1.94,1.37,321
230,42101025400,1.49,1.6,1.9,1.1,1.6,2.19,1.2,1.59,1.5,2.49,1,1.72,212
383,42101989100,1.11,1.12,1.6,1.7,1.4,1.31,1.69,1.19,1.59,1.2,1,1.19,0
132,42101013700,3.3,2.4,2.9,2.9,2.7,2.3,2.2,3,3.7,2.1,2,3,559
49,42101004002,1.61,2.28,1.63,1.77,1.5,1.48,1.23,1.8,2.6,2.24,1.12,1.5,338
80,42101008301,2,2.79,2.4,1.7,2.3,2.4,2.59,1.1,2.01,1.7,1.7,1.98,278
216,42101023800,1.5,1.8,1.7,1.6,1.5,1.7,1.7,1,1.4,1.4,1,1.27,307
146,42101015102,2.42,2.74,2.86,2.17,2.59,2.2,3.16,2.9,3.6,2.66,2.19,2.87,301
51,42101004102,2.6,2.2,2.58,2.09,2.38,1.49,1.33,2.02,3.26,2.11,1.21,1.51,271
235,42101025900,1.2,2,2.1,1.5,1.9,1.6,1.3,1.1,2,1.9,1,1.47,283
90,42101009000,2.1,1.9,3.1,2.4,2.8,2.5,1.6,2.4,3.6,2,2,1.93,91
293,42101031501,1.55,2.12,1.72,1.68,1.55,1.58,1.28,1,1.78,1.37,1.47,1.18,489
286,42101031000,1.89,2,2.29,2.29,2.09,2.08,1.98,1,2.67,1.59,1,1.39,409
345,42101036203,1,1,1.11,1.2,1.1,1.19,1.77,1.1,1.3,1.19,1,1.14,512
333,42101035302,1,1,1.1,1.2,1.1,1.19,1.79,1.1,1.3,1.19,1,1.14,407
70,42101007200,1.7,2.7,2.69,2.49,2.39,1.81,2.11,1.2,1.62,1.81,1.9,1.24,567
225,42101024700,2.4,2.2,3.6,2.5,3.2,2.5,2.5,2.1,2.9,1.5,1,1.47,279
258,42101027902,2.49,2.59,3,2.99,2.7,1.7,2.1,2,3.39,1.79,1,1.04,150
252,42101027402,1.6,2,2.4,1.9,2.2,2.2,1.9,1.2,2.7,1.6,1,2.27,361
315,42101033800,1.49,1.9,1.6,1.7,1.3,1.2,1.1,1,1.21,1.3,1.09,1.1,383
176,42101017900,2.7,3.2,2.8,2.9,2.6,2,2.3,3,3.1,1.8,1.6,1.65,497
242,42101026500,1.4,1.99,1.9,2.39,1.6,1.6,2.29,1.5,2.29,1.7,1,1.36,266
350,42101036501,1.3,1,1.2,1.1,1.1,1.1,1.5,1.1,1,1.1,1,1.1,232
99,42101010000,2.17,2.7,2.47,1.59,2.26,2.23,2.17,1.47,3.21,1.61,1.4,1.71,274
18,42101001202,1.87,1.87,2.01,1.73,1.93,1.42,1.72,1.58,1.79,2.06,1.94,2.27,175
52,42101004201,2.6,2.2,2.5,2.5,2.3,1.9,1.5,1.7,3.1,2.2,1.3,1.6,379
257,42101027901,2.5,2.6,3,3,2.7,1.7,2.1,2,3.4,1.8,1,1.04,230
327,42101034802,1,1,1.4,1.49,1.3,1.29,1.69,1.19,1.3,1.39,1,1.13,421
295,42101031600,1.64,2.15,1.81,1.66,1.61,1.62,1.25,1.07,2.13,1.42,1.55,1.24,410
238,42101026200,1.2,2,2.1,1.5,1.9,1.6,1.3,1.1,2,1.9,1,1.47,263
245,42101026800,1.98,2.49,3.25,2.53,2.95,2.9,2.3,2.17,3.35,1.35,1,1.58,196
256,42101027800,2.5,2.6,3,3,2.7,1.7,2.1,2,3.4,1.8,1,1.04,221
40,42101003200,2.5,2.6,2.8,3.1,2.5,2.5,2.5,2.4,2.8,1.8,1.4,1.21,619
279,42101030200,2.54,2.34,2.65,2.04,2.4,2.42,1.52,1.54,3.59,1.65,1.92,1.33,489
69,42101007102,1.73,2.7,2.7,2.48,2.4,1.82,2.13,1.23,1.68,1.77,1.88,1.24,287
306,42101033101,1.7,2.2,1.8,1.9,1.7,1.8,1.5,1,1.5,1.3,1.4,1.07,327
343,42101036201,1,1,1.1,1.2,1.1,1.19,1.78,1.1,1.3,1.19,1,1.14,394
78,42101008102,2.23,2.8,2.55,1.85,2.22,2.55,2.98,1.4,3,2.31,2.23,1.99,492
261,42101028200,1.86,2.26,3.09,2.16,2.8,2.79,2.41,2.06,3.21,1.34,1,1.38,309
117,42101011900,1.86,2.7,2.24,1.51,1.87,1.45,1.86,1.24,2.19,1.76,1.4,1.71,324
324,42101034701,1,1,1.39,1.49,1.29,1.29,1.69,1.2,1.29,1.39,1,1.13,487
67,42101007000,2.65,2.71,2.61,2.78,2.4,2.57,3.23,2.25,3.5,2.06,2.01,1.47,381
255,42101027700,2.43,2.56,3.02,2.97,2.71,1.92,2.1,2.04,3.39,1.75,1,1.12,264
65,42101006700,2.68,2.7,2.6,2.89,2.4,2.58,3.27,2.27,3.46,2.19,2.09,1.46,524
201,42101021000,1.42,1.47,1.34,1.26,1.22,1.2,1.82,1.07,1.34,1.47,1,1.12,313
100,42101010100,2.2,2.7,2.5,1.6,2.3,2.3,2.2,1.5,3.3,1.6,1.4,1.71,487
332,42101035301,1,1,1.12,1.22,1.11,1.2,1.79,1.1,1.31,1.2,1,1.15,504
181,42101018800,2.55,3.08,2.54,2.69,2.34,2.34,2.64,2.98,3.14,1.79,1.92,1.55,483
312,42101033600,1.46,1.62,1.56,1.6,1.3,1.2,1.19,1.06,1.2,1.39,1.06,1.16,346
240,42101026302,1.29,2,2,1.91,1.76,1.6,1.75,1.28,2.13,1.8,1,1.41,238
46,42101003901,2.12,1.95,2.61,2.04,2.41,1.78,1.68,1.98,2.21,2.1,1.35,1.49,498
82,42101008400,2.02,2.83,2.36,1.82,2.16,2.61,2.78,1.22,2.83,1.76,1.73,1.98,542
265,42101028600,2.19,2.41,2.96,2.86,2.66,2.86,2.14,2.28,3.46,1.6,1.02,1.28,394
58,42101006000,1.96,2.7,2.67,2.6,2.4,2.01,2.41,1.49,2.1,1.9,1.95,1.29,328
43,42101003701,2.5,2.15,3.14,2.22,2.84,1.76,1.62,1.91,2.17,2.18,1.35,1.45,811
372,42101039000,1.79,2.11,2.23,2.15,2.03,1.98,1.79,1.01,2.33,1.57,1,1.42,419
241,42101026400,1.34,1.83,1.99,1.44,1.73,1.84,1.37,1.35,1.82,2.12,1,1.56,312
262,42101028300,2.03,2.61,3.28,2.74,2.98,2.89,2.18,2.15,3.39,1.39,1,1.77,382
19,42101001300,2.49,2.6,2.79,3.08,2.49,2.49,2.5,2.38,2.79,1.79,1.4,1.21,621
151,42101015800,2.4,2.3,2,1.9,1.7,1.9,1.3,1.7,1.6,1.6,1.5,1.08,664
41,42101003300,2.49,2.6,2.79,3.08,2.49,2.49,2.5,2.38,2.78,1.79,1.4,1.21,545
193,42101020200,2.1,2.6,2.3,2.4,2.1,2.5,2.5,2,2.4,2.1,1.8,2.03,289
302,42101032500,1.7,2.2,1.8,1.9,1.7,1.8,1.5,1,1.5,1.3,1.4,1.07,461
111,42101011200,2.6,2.4,3.5,1.7,3.3,2.6,2.5,1.7,3.1,1.9,1.5,1.71,820
163,42101016902,2.49,2.59,3.27,2.1,3.06,2.21,3.56,2.9,3.59,2.27,1.88,2.19,644
198,42101020700,1.69,2.18,2.47,1.49,2.27,1.39,1.21,1.29,1.49,1.3,1.19,1.2,482
303,42101032600,1.7,2.2,1.8,1.9,1.7,1.8,1.5,1,1.5,1.3,1.4,1.07,526
98,42101009802,1.8,2.7,2.2,1.5,1.8,1.3,1.8,1.2,2,1.8,1.4,1.71,256
116,42101011800,1.92,2.7,2.29,1.53,1.96,1.62,1.92,1.29,2.41,1.73,1.4,1.71,390
329,42101034900,1.1,1.1,1.6,1.7,1.4,1.3,1.7,1.2,1.6,1.2,1,1.2,494
208,42101021700,1.42,1.32,1.57,1.57,1.14,1.12,1.82,1,1.34,1.4,1,1.2,531
282,42101030600,1.5,2.4,2,1.7,1.8,1.6,1.2,1,1.2,1.5,1,1.5,435
47,42101003902,1.9,2.31,2.47,2.08,2.27,1.92,1.82,2.12,2.07,2.1,1.31,1.56,553
318,42101034100,1.35,1.62,1.91,1.77,1.67,1.65,1.61,1.24,1.95,1.59,1.04,1.3,324
42,42101003600,2.57,2.74,3.31,2.58,2.94,2.05,1.9,2.1,2.13,2.17,1.32,1.42,319
348,42101036303,1.2,1,1.4,1.3,1.3,1.1,1.2,1.1,1.4,1.1,1,1.13,685
344,42101036202,1.08,1,1.22,1.24,1.18,1.15,1.54,1.1,1.34,1.15,1,1.14,606
147,42101015200,2.4,3.08,3.88,2.49,3.58,2.2,2.62,2.9,3.69,2.1,1.8,1.87,307
56,42101005500,1.7,2.7,2.7,2.5,2.4,1.8,2.1,1.2,1.6,1.8,1.9,1.23,228
299,42101032000,1.89,2.26,1.97,1.94,1.85,1.95,1.52,1.13,1.99,1.36,1.51,1.12,521
83,42101008500,2.05,2.59,2.33,1.87,2.1,2.44,2.61,1.31,3.34,1.77,1.63,1.98,636
89,42101008802,2,2.79,2.4,1.7,2.3,2.4,2.59,1.11,2.01,1.7,1.7,1.98,55
277,42101030000,2.59,2.48,2.6,2.09,2.4,2.49,1.59,1.59,3.68,1.6,1.9,1.33,830
243,42101026600,1.4,2,1.9,2.4,1.6,1.6,2.3,1.5,2.3,1.7,1,1.36,356
244,42101026700,2.19,2.99,3.39,3.39,3.09,2.89,1.8,2.09,3.49,1.5,1,2.42,470
152,42101016000,2.4,2.71,2.41,2.17,2.11,2.45,1.78,1.9,1.94,1.94,1.77,1.57,824
320,42101034400,1.45,1,1.39,1.29,1.29,1.1,1.5,1.15,1.04,1.49,1,1.2,588
305,42101033000,1.7,2.2,1.8,1.9,1.7,1.8,1.5,1,1.5,1.3,1.4,1.07,577
113,42101011400,2.17,2.7,2.47,1.59,2.26,2.23,2.17,1.47,3.21,1.61,1.4,1.71,548
228,42101025200,1.95,1.9,2.76,1.81,2.41,2.35,1.86,1.85,2.21,1.99,1,1.59,431
79,42101008200,2,2.8,2.4,1.7,2.3,2.4,2.6,1.1,2,1.7,1.7,1.99,720
,,,,,,,,,,,,,,
